client,id,vendor_id,vendor_name,name,types,policy_number,status,processing,reviewed_at,archived_at,expiration_date,issue_date,flagged,flag_level,flag_notes,applies_to_all,insurer_names,created_at,updated_at,sync_date
"Block Real Estate Services, LLC",6a282910da52b0ee99d2eb99,69fded0c62446148bd848b05,"Big Biscuit / 27 Biscuits, LLC",Big Biscuit Industries LLC_Block Real Estate Services.pdf,,,processed,false,,,2027-05-01,2026-06-08,false,,,false,American Guarantee and Liability Insurance Company; Zurich American Insurance Company,2026-06-09,,2026-06-09
"Block Real Estate Services, LLC",6a0725e5206702aac8614921,69fded0c62446148bd848aff,"1-800-Pack Rat, LLC","PaseoIndustrialLLC_1-800-Pack-Rat,LLC_25-26Master_1-14-2026_976543823.pdf",,,processed,false,2026-06-02,,2026-10-01,2026-01-14,false,,,false,Arch Insurance Company; Arch Indemnity Insurance Company; Scottsdale Insurance Company; Allied World Assurance Company (U.S.) Inc.,2026-05-15,,2026-06-09
"Block Real Estate Services, LLC",6a2599e5781c6c479f910adb,69fded0c62446148bd848afc,1248 Holdings LLC,1248 Holdings COI.pdf,,,processed,false,2026-06-08,,2026-06-25,,false,,,false,,2026-06-07,,2026-06-09
"Block Real Estate Services, LLC",6a05e6f6fe7b4a8a036194e9,69fded0c62446148bd848b02,24 Hour Check Cashing,CERT_Block_Real_Estate_Services_LLC_218628_179011.pdf,,,processed,false,2026-06-01,,2027-04-16,2026-03-23,false,,,false,"Acuity, A Mutual Insurance Company",2026-05-14,,2026-06-09
"Block Real Estate Services, LLC",6a18aa06462ef1e78eb49c23,69fded0c62446148bd848b0e,A.N.D. Design Studio LLC,NOT FOUND - AND Design Studio LLC.pdf,,,processed,false,2026-06-02,,2027-04-01,,false,,,true,,2026-05-28,,2026-06-09
"Block Real Estate Services, LLC",6a281c68188eff3d9a5a4c8f,69fded0c62446148bd848b14,Academy Bank,"CO BLOCK REAL ESTATE SERVICES, LLC 22912734.pdf",,,processed,false,,,2026-08-18,2026-06-09,false,,,false,Travelers Property Casualty Company of America; The Charter Oak Fire Insurance Company,2026-06-09,,2026-06-09
"Block Real Estate Services, LLC",6a22e7e1e73a40141679c72c,69fded0c62446148bd848b1d,"Adams Cable Equipment, Inc.",Updated COI 16200.pdf,,,processed,false,2026-06-08,,2025-09-01,2026-03-31,false,,,false,Liberty Mutual Fire Insurance Company; Liberty Insurance Corporation; Evanston Insurance Company,2026-06-05,,2026-06-09
"Block Real Estate Services, LLC",6a26f800caa475a04620536a,69fded0c62446148bd848b1d,"Adams Cable Equipment, Inc.",Updated COI 16200.pdf,,,processed,false,,,2025-09-01,2026-03-31,false,,,false,Liberty Mutual Fire Insurance Company; Liberty Insurance Corporation; Evanston Insurance Company,2026-06-08,,2026-06-09
"Block Real Estate Services, LLC",6a199b589d7340e121a98009,69fded0c62446148bd848b26,"Advanced Auto / Advanced Stores Co., Inc.",cert_CLE_ALLEN and GLORIA BLOCK FAMILY LIMITED_6889424_9.pdf,,,processed,false,2026-06-01,,2027-06-01,2026-05-28,false,,,true,ACE American Insurance Company; ACE Property and Casualty Insurance Company; SEE ACORD 101,2026-05-29,,2026-06-09
"Block Real Estate Services, LLC",6a283a433f91c94eefb0cb18,69fded0c62446148bd848b2c,Advanced Turf Solutions Inc,"Advanced Turf Solutions, Inc. - Block Real Estate Services, LLC.pdf",,,processed,false,,,,,false,,,false,,2026-06-09,,2026-06-09
"Block Real Estate Services, LLC",6a07267b7ee88c9e36194d1a,69fded0d62446148bd848b35,"Aircraft Electrical / AEE-EMF, Inc.",BlockRealEstateServicesLLC.pdf,,,processed,false,2026-06-02,,2026-12-16,,false,,,false,,2026-05-15,,2026-06-09
"Block Real Estate Services, LLC",6a26c468caa475a046205275,69fded0d62446148bd848b3e,AgForce Transport Services / Consolidated Grain and Barge Co.,Consolidated Grain and Barge Co.-570119636585.pdf,,,processed,false,2026-06-08,,2027-05-01,2026-04-24,false,,,false,Nationwide Agribusiness Insurance Company; Westfield Specialty Insurance Company,2026-06-08,,2026-06-09
"Block Real Estate Services, LLC",6a22fd479bc28d99e321a29a,69fded0d62446148bd848b62,"AMSCO Supply / Flegler Investment Co., Inc.","BLOCK REAL ESTATE SERVICES, LLC.pdf",,,processed,false,2026-06-08,,2026-07-30,2026-06-05,false,,,false,Great Northern Insurance Company; The Travelers Indemnity Company; The Travelers Indemnity Company of America; Travelers Property Casualty Company of America; ACE American Insurance Company,2026-06-05,,2026-06-09
"Block Real Estate Services, LLC",6a06215b1f712c628e56646c,69fded0d62446148bd848b65,Amsted Rail Company Inc,CollegeCrossingCDLLCandMarleyCollegeCrossingCDLLC_W45275293.pdf,,,processed,false,2026-06-02,,2027-03-31,2026-03-31,true,low,"<p>GL limits are low and umbrella does not follow form, is my assessment correct?</p>
<p><br></p>
<p>You are correct <span data-entityid=""6939ca46ef5dc7a165ca2078"" data-entityname=""@AbbeyRobinson"" data-entitytype=""mention"">@AbbeyRobinson</span>, but DOO and page 2 states they have another GL policy, but it's a SIR. We would need to contact Block to see if that is acceptable.</p>",false,Liberty Mutual Fire Insurance Company; AIG Specialty Insurance Company; LM Insurance Corporation; Liberty Insurance Corporation,2026-05-14,,2026-06-09
"Block Real Estate Services, LLC",6a05f721b65dbfe9916446dc,69fded0e62446148bd848b86,ARC Physical Therapy Plus,WCCOI1318BlockRealEstateServicesWC3.15.26-3.15.27.pdf,,,processed,false,2026-06-03,,2027-03-15,2026-04-22,false,,,false,The Insurance Company of the State of Pennsylvania,2026-05-14,,2026-06-09
"Block Real Estate Services, LLC",6a05f72305b2d4f9973e28fc,69fded0e62446148bd848b86,ARC Physical Therapy Plus,COI1318BeltonBlockRealEstateServicesLLC-9.30.25-9.30.26.pdf,,,processed,false,2026-06-03,,2026-09-30,2025-09-12,false,,,false,Lexington Insurance Company,2026-05-14,,2026-06-09
"Block Real Estate Services, LLC",6a05e9f08b5928c024add32b,69fded0e62446148bd848b92,Arthur J Gallagher Risk Management Services Inc,MeghasaiLLCcoBlockRealEstateServices_HRBlockInc_26-27HRCorpUSProper_4-24-2026_21225170903.pdf,,,processed,false,2026-06-01,,2027-05-01,2026-04-24,false,,,false,Continental Casualty Company; Liberty Mutual Fire Insurance Company; Liberty Insurance Corporation,2026-05-14,,2026-06-09
"Block Real Estate Services, LLC",6a2727d38f5f15a8835c79d5,69fded0e62446148bd848b92,Arthur J Gallagher Risk Management Services Inc,"46 PC Investors, LLC_Arthur J. Gallagher, LLC_25-26 Landlord Casualty C_6-8-2026_1568910419.pdf",,,processed,false,,,,,false,,,true,,2026-06-08,,2026-06-09
"Block Real Estate Services, LLC",6a27280d540f27b382a1ed5f,69fded0e62446148bd848b92,Arthur J Gallagher Risk Management Services Inc,"46 PC Investors, LLC_Arthur J. Gallagher, LLC_25-26 Landlord Property C_6-8-2026_1111070370.pdf",,,processed,false,,,2026-10-01,2026-06-08,false,,,true,"XL Insurance America, Inc.",2026-06-08,,2026-06-09
"Block Real Estate Services, LLC",6a2327b9fe918aea40160ac1,69fded0e62446148bd848b98,Aspen Properties Group,Policy 3.7 2026 to 3.7 2027.pdf,,,processed,false,2026-06-08,,2027-03-07,,false,,,false,United Wisconsin Insurance Company,2026-06-05,,2026-06-09
"Block Real Estate Services, LLC",6a22f16d9bc28d99e321a24f,69fded0e62446148bd848ba1,Asurion LLC,COI - Pinnacle Corporate.pdf,,,processed,false,2026-06-08,,2027-04-30,2026-04-16,false,,,false,Liberty Insurance Corporation; Liberty Mutual Fire Insurance Company; LM Insurance Corporation,2026-06-05,,2026-06-09
"Block Real Estate Services, LLC",6a18aa1b9ef1cffe57d01607,69fded0e62446148bd848bb0,AVI-SPL LLC,NOT FOUND - AVI-SPL LLC.pdf,,,processed,false,2026-06-02,,2027-04-17,2026-04-08,false,,,false,Zurich American Insurance Company; American Guarantee and Liability Insurance Company; American Zurich Insurance Company; Federal Insurance Company; Allied World Assurance Company (U.S.) Inc.; Crum & Forster Specialty Insurance Company,2026-05-28,,2026-06-09
"Block Real Estate Services, LLC",6a26fc7c723912a814569421,69fded0e62446148bd848bb9,"Pet Supplies Plus / B&B Pet Products, LLC",Block Real Estate Services_Lenexa Property 25-26.pdf,,,processed,false,,,2026-12-01,2026-06-08,false,,,false,Selective Insurance Company of the Southeast,2026-06-08,,2026-06-09
"Block Real Estate Services, LLC",6a2312a4b0c1404bfda218b5,69fded0f62446148bd848bce,"Saturday Morning Bazaar / Bazaar Collectibles, LLC",bf8a85b4-12d3-48b8-a03c-f3a2e0e4812d.pdf,,,processed,false,2026-06-08,,,,false,,,false,,2026-06-05,,2026-06-09
"Block Real Estate Services, LLC",6a2312a5b0c1404bfda218d3,69fded0f62446148bd848bce,"Saturday Morning Bazaar / Bazaar Collectibles, LLC",08009efebab55ee1.pdf,,,processed,false,2026-06-08,,2027-04-16,2026-03-07,false,,,false,Property and Casualty Insurance Company of Hartford,2026-06-05,,2026-06-09
"Block Real Estate Services, LLC",6a1d8f1cc35ee6606bab5aad,69fded0f62446148bd848bd7,BDM Inc,Certificate.pdf,,,processed,false,2026-06-01,,2027-05-01,2026-03-31,false,,,false,SECURA Supreme Insurance Company; SECURA Insurance Company; The Travelers Indemnity Company,2026-06-01,,2026-06-09
"Block Real Estate Services, LLC",6a2809a7188eff3d9a5a4c53,69fded0f62446148bd848be0,Beltone Hearing Aid Center,Independence COI 2026.pdf,,,processed,false,,,2027-01-01,2026-06-08,false,,,false,Owners Insurance Company; Markel Insurance Company,2026-06-09,,2026-06-09
"Block Real Estate Services, LLC",6a1894afe701796d85e6590d,69fded0f62446148bd848c10,"Sono Bello / Body Contour Centers, LLC","Corporate Medical Plaza III (BKWG Assoc), CMP_Body Contour Centers, LLC_2526 COI_5-15-2026_1709078656.pdf",,,processed,false,2026-06-01,,2026-10-01,,false,,,false,,2026-05-28,,2026-06-09
"Block Real Estate Services, LLC",6a05e7defeb0a066655c2944,69fded1062446148bd848c1f,The Professional Group / Bryan Torez,CorrectedCOI3-11-26.pdf,,,processed,false,2026-06-01,,2026-11-01,2026-03-11,false,,,false,State Farm Fire and Casualty Company,2026-05-14,,2026-06-09
"Block Real Estate Services, LLC",6a22e7b5b90159c7f52c9c57,69fded1062446148bd848c25,"Buckeye Cleaning Center KC / Buckeye International, Inc.",Block Income Fund - Ins Cert - 26-27.pdf,,,processed,false,2026-06-08,,2027-03-01,,false,,,false,Old Republic Insurance Company; Endurance American Specialty Insurance Company,2026-06-05,,2026-06-09
"Block Real Estate Services, LLC",6a25eb63a0a0fbed5bc30315,69fded1062446148bd848c28,Builder Direct LLC,POI - for Block Real Estate - BUILDER DIRECT LLC.pdf,,,processed,false,2026-06-08,,2026-08-02,2026-06-05,false,,,false,"United Financial Casualty Company; State National Insurance Company, Inc.",2026-06-07,,2026-06-09
"Block Real Estate Services, LLC",6a2729d67f54c7a808caeb39,69fded1062446148bd848c28,Builder Direct LLC,Updates for Insurance BUILDER DIRECT LLC 2025-2026.pdf,,,processed,false,,,2027-08-02,2026-08-02,false,,,false,Next Insurance US Company,2026-06-08,,2026-06-09
"Block Real Estate Services, LLC",6a18af68587aecae706a4b40,69fded1062446148bd848c31,Burlis Lawson Group Inc,NOT FOUND - The Burlis Lawson Group.pdf,,,processed,false,2026-06-01,,2027-03-20,,false,,,false,Sentry Insurance Company,2026-05-28,,2026-06-09
"Block Real Estate Services, LLC",6a06216bca42782ea35f2f8b,69fded1062446148bd848c37,Butler Suppy Inc,ButlerSupplyIncCOICollegeCrossingIJLLC1.pdf,,,processed,false,2026-06-02,,2027-01-01,2025-12-29,false,,,false,Zurich American Insurance Company; Great American Insurance Company; American Zurich Insurance Company,2026-05-14,,2026-06-09
"Block Real Estate Services, LLC",6a2750fa7f54c7a808caeb66,69fded1062446148bd848c37,Butler Suppy Inc,"Butler Supply, Inc._College Crossing IJ LLC_12-29-2025.pdf",,,processed,false,,,,,false,,,false,,2026-06-08,,2026-06-09
"Block Real Estate Services, LLC",6a228edbaff5f4a22fc435a4,69fded1062446148bd848c43,Carrier Corporation,cert_NYC_Perg Bldgs_ LLC dba_12629267_1.pdf,,,processed,false,2026-06-05,,2027-04-01,2026-06-04,false,,,false,Old Republic Insurance Company; AIU Insurance Company,2026-06-05,,2026-06-09
"Block Real Estate Services, LLC",6a282f33f967f903d2245e0e,69fded1062446148bd848c46,CarStar Riverside (fka Autobody on the Run),Certificate.pdf,,,processed,false,,,2026-11-24,2026-06-09,false,,,false,United Fire Group,2026-06-09,,2026-06-09
"Block Real Estate Services, LLC",6a07265ab7c7740fe9c4c5d4,69fded1062446148bd848c3d,"Corbion / Caravan Ingredients, Inc.",CaravanIngredientsCOIPERGBlockIncomeFundsIII1.pdf,,,processed,false,2026-06-02,,2027-01-01,2026-01-14,false,,,false,"Travelers Property Casualty Company of America; The Travelers Indemnity Company of Connecticut; National Union Fire Insurance Company of Pittsburgh, Pa.",2026-05-15,,2026-06-09
"Block Real Estate Services, LLC",6a072590c367c496881d184a,69fded1062446148bd848c5b,"Challenger Sports, Inc.",PineRidgeBuilding29-PERG_ChallengerSportsCorp_2627AllLines_3-24-2026_1609066754.pdf,,,processed,false,2026-06-02,,2027-03-01,2026-03-24,false,,,true,"Tokio Marine Specialty Insurance Company; Technology Insurance Company, Inc.; Evanston Insurance Company",2026-05-15,,2026-06-09
"Block Real Estate Services, LLC",6a0630f81f712c628e599d26,69fded1062446148bd848c5e,Champion Supply Company LLC,championsupply.pdf,,,processed,false,2026-06-02,,2027-01-01,2026-01-12,false,,,false,EMC Property & Casualty Company; Employers Mutual Casualty Company; Travelers Casualty and Surety Company,2026-05-14,,2026-06-09
"Block Real Estate Services, LLC",6a26fc4acaa475a0462053a6,69fded1062446148bd848c5e,Champion Supply Company LLC,Certificate.pdf,,,processed,false,,,,,false,,,false,,2026-06-08,,2026-06-09
"Block Real Estate Services, LLC",6a22f244a234618b199e4b1f,69fded1062446148bd848c67,Check Into Cash,21046-1778-35009 COI 10-15-26.pdf,,,processed,false,2026-06-08,,2026-10-15,2026-01-20,false,,,false,Travelers Property Casualty Company of America; The Continental Insurance Company; Travelers Casualty Insurance Company of America,2026-06-05,,2026-06-09
"Block Real Estate Services, LLC",6a26ef59b28b74540bd9d98c,69fded1162446148bd848c82,Clarivate Analytics LLC,HLBTAssociatesLLC_W46436397.pdf,,,processed,false,2026-06-08,,2026-12-01,2026-06-08,false,,,false,American Guarantee and Liability Insurance Company; Zurich American Insurance Company; American Zurich Insurance Company,2026-06-08,,2026-06-09
"Block Real Estate Services, LLC",6a284e5e188eff3d9a5a5191,69fded1162446148bd848c85,ClassOneModelWorks.com LLC,Class One COI for Block Real Estate.pdf,,,processed,false,,,,,false,,,false,,2026-06-09,,2026-06-09
"Block Real Estate Services, LLC",6a0725bd9839a89d50e8c4d5,69fded1162446148bd848c88,Clopay Building Products,PlatteValleyIndustrialCenter8_W45240625.pdf,,,processed,false,2026-06-02,,2027-02-28,2026-03-31,false,,,false,Zurich American Insurance Company; American Guarantee and Liability Insurance Company; Factory Mutual Insurance Company,2026-05-15,,2026-06-09
"Block Real Estate Services, LLC",6a2339dde17de0c6d0ae2b2a,69fded1162446148bd848c8b,CNR Construction KC LLC,EFA_CNR CONSTRUCTION_CNR Construction KC LLC_167234574.pdf,,,processed,false,2026-06-08,,2026-07-01,2026-06-05,false,,,false,New Hampshire Insurance Company,2026-06-05,,2026-06-09
"Block Real Estate Services, LLC",6a2339dee17de0c6d0ae2b47,69fded1162446148bd848c8b,CNR Construction KC LLC,EFA_CNR CONSTRUCTION_CNR Construction KC LLC_167234559.pdf,,,processed,false,2026-06-08,,2026-07-01,2026-06-05,false,,,false,New Hampshire Insurance Company,2026-06-05,,2026-06-09
"Block Real Estate Services, LLC",6a2339f3a9d798a5192cc6ef,69fded1162446148bd848c8b,CNR Construction KC LLC,ACORD Form 20260605-154151.pdf,,,processed,false,2026-06-08,,2027-03-09,,false,,,false,,2026-06-05,,2026-06-09
"Block Real Estate Services, LLC",6a2863c13f91c94eefb0cba3,69fded1162446148bd848c8b,CNR Construction KC LLC,ADP_TS_COI_Standard_WC_Acord_25_167304808.pdf,,,processed,false,,,2027-07-01,2026-06-09,false,,,false,New Hampshire Insurance Company,2026-06-09,,2026-06-09
"Block Real Estate Services, LLC",6a2863c23f91c94eefb0cbc1,69fded1162446148bd848c8b,CNR Construction KC LLC,ADP_TS_COI_Standard_WC_Acord_25_167304773.pdf,,,processed,false,,,2027-07-01,2026-06-09,false,,,false,New Hampshire Insurance Company,2026-06-09,,2026-06-09
"Block Real Estate Services, LLC",6a2863c33f91c94eefb0cbde,69fded1162446148bd848c8b,CNR Construction KC LLC,ADP_TS_COI_Standard_WC_Acord_25_167304808.pdf,,,processed,false,,,2027-07-01,2026-06-09,false,,,false,New Hampshire Insurance Company,2026-06-09,,2026-06-09
"Block Real Estate Services, LLC",6a2863c43f91c94eefb0cbfb,69fded1162446148bd848c8b,CNR Construction KC LLC,ADP_TS_COI_Standard_WC_Acord_25_167304773.pdf,,,processed,false,,,2027-07-01,2026-06-09,false,,,false,New Hampshire Insurance Company,2026-06-09,,2026-06-09
"Block Real Estate Services, LLC",6a06315454ab644e7ef7ef76,69fded1162446148bd848c91,CMA / Colarelli Meyer & Associates,WCCOI.pdf,,,processed,false,2026-06-03,,2026-07-01,2025-06-09,false,,,false,New Hampshire Insurance Company,2026-05-14,,2026-06-09
"Block Real Estate Services, LLC",6a0721f057406a9433dc614e,69fded1162446148bd848c97,"Commercial Industrial Supply, LLC",12.pdf,,,processed,false,2026-06-02,,2027-03-06,2026-02-05,false,,,false,Federated Mutual Insurance Company; Federated Reserve Insurance Company,2026-05-15,,2026-06-09
"Block Real Estate Services, LLC",6a280727f967f903d2245bc9,69fded1162446148bd848ca0,"CKF / Consolidated Supply, Inc.","Flint 1, LLC_Consolidated Supply Co., Inc. dba_26-27 Master_6-8-2026_1154207511.pdf",,,processed,false,,,2027-05-01,2026-06-08,false,,,false,Waypoint Mutual; Continental Western Insurance Company,2026-06-09,,2026-06-09
"Block Real Estate Services, LLC",6a0620deca42782ea35f1888,69fded1162446148bd848ca9,Core Adventures LLC,BlockRealEstateServices(Revised).pdf,,,processed,false,2026-06-03,,2026-09-17,2026-02-20,false,,,false,Hartford Underwriters Insurance Company; Rated by Multiple Companies; Travelers Excess and Surplus Lines Company,2026-05-14,,2026-06-09
"Block Real Estate Services, LLC",6a230a67b0c1404bfda2181c,69fded1262446148bd848cc4,"Ameriprise Financial Services, LLC / Respective Wealth / Schenck, Thompson & Associates, LLC (fka Creative Collaboration)",CERTIFICATE OF INSURANCE (COI).pdf,,,processed,false,2026-06-08,,2027-06-08,2026-06-05,false,,,false,Hartford Underwriters Insurance Company; Hartford Insurance Company of the Southeast,2026-06-05,,2026-06-09
"Block Real Estate Services, LLC",6a26d6ee723912a814569397,69fded1262446148bd848cc7,Creative Consumer Concepts Inc,2026 Block COI.pdf,,,processed,false,2026-06-08,,2026-12-01,2025-11-25,false,,,false,Great American E & S Insurance Company; Trumbull Insurance Company; Twin City Fire Insurance Company; Hartford Fire Insurance Company,2026-06-08,,2026-06-09
"Block Real Estate Services, LLC",6a26ce1e7f54c7a808caeae0,69fded1262446148bd848cc1,"Covisian CTX, LLC (fka RGMI Consultant / Centrinex, LLC)",COI (2).pdf,,,processed,false,2026-06-08,,2027-06-01,2026-06-01,false,,,false,Cincinnati Insurance Company; Convex Insurance UK Limited,2026-06-08,,2026-06-09
"Block Real Estate Services, LLC",6a05ea6fca42782ea34bdf81,69fded1262446148bd848cd0,Crossroads Courier Inc,KCIPRiversideLLCRiversideIndustrialCent_CrossroadsCourierInc_25-26GLHNOUMBMTC_7-30-2025_13670150163.pdf,,,processed,false,2026-06-02,,2026-07-30,2025-07-30,false,,,false,Ohio Security Insurance Company; TT Club Mutual Insurance Limited; Progressive Casualty Insurance Company; James River Insurance Company,2026-05-14,,2026-06-09
"Block Real Estate Services, LLC",6a22e69f495ae87f70df3503,69fded1262446148bd848cd3,Crown MedRealty Partners LLC,Certificate (12).pdf,,,processed,false,2026-06-08,,2027-01-01,2026-06-05,false,,,false,The Continental Insurance Company of New Jersey; The Continental Insurance Company; National Fire Insurance Company of Hartford; Fireman's Fund Insurance Company,2026-06-05,,2026-06-09
"Block Real Estate Services, LLC",6a06193e8b5928c024b8c2dd,69fded1262446148bd848ce5,"Thermal Mechanics, Inc. (TMI)",cert_CLE_PERG2627SPELLCAndSprings26_6787879_35.pdf,,,processed,false,2026-06-01,,2027-01-01,2026-03-18,false,,,false,LM Insurance Corporation; Liberty Insurance Corporation; Mitsui Sumitomo Insurance USA Inc.; See Acord 101 for Carrier Participation,2026-05-14,,2026-06-09
"Block Real Estate Services, LLC",6a26da1a723912a8145693b5,69fded1262446148bd848cee,"Dark Horse Coffee / Dark Horse Collective, LLC",Dark Horse Cert.pdf,,,processed,false,2026-06-08,,2025-12-10,,false,,,false,Truck Insurance Exchange; Mid-Century Insurance Company,2026-06-08,,2026-06-09
"Block Real Estate Services, LLC",6a23241da234618b199e4c35,69fded1262446148bd848cf7,DataLocker Inc,25-26 COI Proof of Insurance (1).pdf,,,processed,false,2026-06-08,,2026-12-15,,false,,,false,ACE Property and Casualty Insurance Company; Bankers Standard Insurance Company,2026-06-05,,2026-06-09
"Block Real Estate Services, LLC",6a272f6a723912a81456948a,69fded1262446148bd848cf7,DataLocker Inc,"DATALOCKER INC.-6081400-MO COI 25-26-BLOCK REAL ESTATE SERVICES, LLC.pdf",,,processed,false,2026-06-08,,2026-10-01,2026-06-08,false,,,false,Indemnity Insurance Company of North America,2026-06-08,,2026-06-09
"Block Real Estate Services, LLC",6a26ecba1b3591a22e40cf22,69fded1262446148bd848d0c,Dermatology Consultants,Dermatology Consultant Midwest COI (1).pdf,,,processed,false,2026-06-08,,2026-08-01,,false,,,false,ACE Property and Casualty Insurance Company; Bankers Standard Insurance Company; Chubb National Insurance Company,2026-06-08,,2026-06-09
"Block Real Estate Services, LLC",6a060de2ca42782ea35751cb,69fded1362446148bd848d18,Discover Church,COIfor8400NW107thTerBAPrenewal.pdf,,,processed,false,2026-06-03,,2027-01-01,2026-04-29,false,,,false,GuideOne Insurance; GuideOne Specialty Insurance,2026-05-14,,2026-06-09
"Block Real Estate Services, LLC",6a05e7a7ca42782ea34b17d6,69fded1362446148bd848d21,Dollar Tree,cert_NYC_K7KansasInvestors_LLC_12011339_56.pdf,,,processed,false,2026-06-01,,2026-09-01,2025-08-25,false,,,true,"National Union Fire Insurance Company of Pittsburgh, Pa.; National Union Fire Insurance Company of Pittsburgh, Pa.; AIU Insurance Company",2026-05-14,,2026-06-09
"Block Real Estate Services, LLC",6a0720af9945fee35b85225b,69fded1362446148bd848d1e,"Dollar General / Dolgencorp, Inc.",dollargeneral.pdf,,,processed,false,2026-06-02,,2027-02-10,2026-02-06,false,,,false,ACE American Insurance Company; Indemnity Insurance Company of North America; ACE Property and Casualty Insurance Company; ACE Fire Underwriters Insurance Company,2026-05-15,,2026-06-09
"Block Real Estate Services, LLC",6a0725319839a89d50e8ac80,69fded1362446148bd848d2d,"Perry Plaza Dental / Dr. Darren Perry, DDS",AUTOMATICRENEWALCERTIFICATE15.Pdf,,,processed,false,2026-06-02,,2026-09-27,,false,,,false,,2026-05-15,,2026-06-09
"Block Real Estate Services, LLC",6a17120eda8b4807522775ff,69fded1362446148bd848d42,EcoShield Pest Solutions,KANA WC COI 04072027.pdf,,,processed,false,2026-06-03,,2027-04-07,2026-05-05,false,,,false,Wesco Insurance Company,2026-05-27,,2026-06-09
"Block Real Estate Services, LLC",6a17120f7619b097e7760301,69fded1362446148bd848d42,EcoShield Pest Solutions,KANA GL COI 10142026.pdf,,,processed,false,2026-06-02,,2026-10-14,2026-05-05,false,,,true,West Bend Insurance Company,2026-05-27,,2026-06-09
"Block Real Estate Services, LLC",6a0631d467de4ed821df2873,69fded1362446148bd848d48,Edward Jones,cert_CHI_PinnacleCorporateCenter_LLC_7422379_534.pdf,,,processed,false,2026-06-02,,2027-05-01,2026-05-01,false,,,false,Hartford Fire Insurance Company; Twin City Fire Insurance Company; American Home Assurance Company; Hartford Accident and Indemnity Company,2026-05-14,,2026-06-09
"Block Real Estate Services, LLC",6a18a69192942c733aca7aae,69fded1362446148bd848d4b,Edward D Jones & Co LP,Edward D Jones & Co. -  11300 Tomahawk Creek Parkway Suite 150.pdf,,,processed,false,2026-06-02,,2027-05-01,2026-05-01,false,,,false,Hartford Fire Insurance Company; Twin City Fire Insurance Company; American Home Assurance Company; Hartford Accident and Indemnity Company,2026-05-28,,2026-06-09
"Block Real Estate Services, LLC",6a270099caa475a0462053d1,69fded1362446148bd848d4e,Einstein Bros Bagels #3961,"Oak Park KS, LLC.pdf",,,processed,false,,,,,false,,,false,,2026-06-08,,2026-06-09
"Block Real Estate Services, LLC",6a22e947495ae87f70df3521,69fded1362446148bd848d51,Electrical Investments Inc,6c584316-67cd-4ccb-a428-e2caae97cde3_Block Real Estate Services LLC_12312025-2.pdf,,,processed,false,2026-06-08,,2027-01-01,2025-12-31,false,,,false,EMCASCO Insurance Company; Employers Mutual Casualty Company; Accident Fund National Insurance Company,2026-06-05,,2026-06-09
"Block Real Estate Services, LLC",6a270203b28b74540bd9d9f1,69fded1362446148bd848d51,Electrical Investments Inc,Block Real Estate Services - Updated COI.pdf,,,processed,false,,,2027-01-01,2026-06-08,false,,,false,EMCASCO Insurance Company; Employers Mutual Casualty Company; Accident Fund National Insurance Company,2026-06-08,,2026-06-09
"Block Real Estate Services, LLC",6a23243bdbd3c0780a22efcc,69fded1362446148bd848d5d,Elysian Salon and Spa LLC,Elysian cert 2026 signed.pdf,,,processed,false,2026-06-08,,2026-12-05,2026-06-05,false,,,false,State Farm Fire and Casualty Company,2026-06-05,,2026-06-09
"Block Real Estate Services, LLC",6a28545e0b231d12238089c1,69fded1362446148bd848d5d,Elysian Salon and Spa LLC,Updated Certificate 2026.pdf,,,processed,false,,,2026-12-05,2026-06-09,false,,,false,State Farm Fire and Casualty Company,2026-06-09,,2026-06-09
"Block Real Estate Services, LLC",6a26cc125a6d7806dad0ff07,69fded1462446148bd848d69,"Engaged Athletics Training Center / Engaged Holdings, LLC","Block Income Fund III, LP.pdf",,,processed,false,2026-06-08,,2027-02-08,,false,,,false,West Bend Insurance Company,2026-06-08,,2026-06-09
"Block Real Estate Services, LLC",6a26cc1f8169e64a814f52ee,69fded1462446148bd848d69,"Engaged Athletics Training Center / Engaged Holdings, LLC",Block WC.pdf,,,processed,false,2026-06-08,,2026-11-05,,false,,,false,,2026-06-08,,2026-06-09
"Block Real Estate Services, LLC",6a0720bfc367c496881c46b5,69fded1462446148bd848d8d,Faith Technologies Inc,FaithTechnologiesInc-ClientPack-4432637.PDF,,,processed,false,2026-06-03,,2027-01-01,2026-05-04,false,,,false,The Travelers Indemnity Company; Travelers Property Casualty Company of America; The Travelers Indemnity Company of Connecticut,2026-05-15,,2026-06-09
"Block Real Estate Services, LLC",6a0720c2206702aac8607324,69fded1462446148bd848d8d,Faith Technologies Inc,COLLEGECROSSINGEFGHLLCAND_W43121750.pdf,,,processed,false,2026-06-03,,2027-01-01,2025-12-23,false,,,false,The Travelers Indemnity Company; Travelers Property Casualty Company of America; The Travelers Indemnity Company of Connecticut,2026-05-15,,2026-06-09
"Block Real Estate Services, LLC",6a0720c59839a89d50e80d73,69fded1462446148bd848d8d,Faith Technologies Inc,FaithTechnologiesInc-ClientPack-43883636.PDF,,,processed,false,2026-06-03,,2027-01-01,2026-04-01,false,,,false,The Travelers Indemnity Company; Travelers Property Casualty Company of America; The Travelers Indemnity Company of Connecticut,2026-05-15,,2026-06-09
"Block Real Estate Services, LLC",6a28308fda52b0ee99d2ebb7,69fded1462446148bd848d9c,"Daley & Fey, LLP",26-27 Renewal - Insureds Copy.pdf,,,processed,false,,,2027-01-01,,false,,,false,,2026-06-09,,2026-06-09
"Block Real Estate Services, LLC",6a060dff05b2d4f997434d0e,69fded1462446148bd848da8,"InfuSystem / First Biomedical, Inc.",FirstBioMedicalCOI2026.pdf,,,processed,false,2026-06-03,,2027-01-01,2025-12-29,false,,,false,Sompo America Insurance Company; Sompo America Fire & Marine Insurance Company; Endurance Assurance Corporation,2026-05-14,,2026-06-09
"Block Real Estate Services, LLC",6a07250e9945fee35b85dcff,69fded1462446148bd848da5,Fireplace & Bar-B-Q Center Inc,4146_0012.pdf,,,processed,false,2026-06-02,,2026-07-01,,false,,,false,,2026-05-15,,2026-06-09
"Block Real Estate Services, LLC",6a05e5d705b2d4f99739d539,69fded1462446148bd848dae,First Citizens Bank & Trust Company,BlockRealEstateServicesLLC_W416819673.pdf,,,processed,false,2026-06-01,,2026-10-31,2025-11-04,false,,,false,"Continental Casualty Companies; Columbia Casualty Company; American Casualty Company of Reading, Pennsylvania; The Continental Insurance Company; Transportation Insurance Company",2026-05-14,,2026-06-09
"Block Real Estate Services, LLC",6a062136ca42782ea35f2404,69fded1562446148bd848db4,First Watch,WoSCert26-27.pdf,,,processed,false,2026-06-02,,2027-03-01,2026-04-14,false,,,false,Starr Indemnity & Liability Company,2026-05-14,,2026-06-09
"Block Real Estate Services, LLC",6a05ea571f712c628e4371ea,69fded1562446148bd848dc3,"Fresenius Medical Care - Pittsburg Midwest Dialysis / Fort Scott Regional Dialysis Center, Inc.",5701171733901.pdf,,,processed,false,2026-06-01,,2026-12-31,2025-12-22,false,,,false,"The Continental Insurance Company; American Casualty Company of Reading, Pennsylvania; Transportation Insurance Company; Continental Casualty Company; Fresenius Medical Care Risk Mgmt . Group ,",2026-05-14,,2026-06-09
"Block Real Estate Services, LLC",6a23e4c00b43ad357c5169d3,69fded1662446148bd848e02,"Pizza Hut / GMRG ACQ 1, LLC #0359",GMC 035829 - 2026-01-28 - Certificate of Liability Insurance - Paola Crossing (Great Southern Bank).pdf,,,processed,false,2026-06-08,,2027-01-28,2026-01-28,false,,,false,Intrepid Insurance Company; Intrepid Specialty Insurance Company,2026-06-06,,2026-06-09
"Block Real Estate Services, LLC",6a060efafeb0a0666572a38d,69fded1662446148bd848e08,GNC (Store #581-02),GNCStore581SI_120522.pdf,,,processed,false,,,,,false,,,true,,2026-05-14,,2026-06-09
"Block Real Estate Services, LLC",6a060efbfe7b4a8a0378bb6b,69fded1662446148bd848e08,GNC (Store #581-02),MillStreetStationLLC_W438656582.pdf,,,processed,false,2026-06-03,,2027-01-31,2026-01-29,false,,,false,Sentry Insurance Company; Sentry Casualty Company,2026-05-14,,2026-06-09
"Block Real Estate Services, LLC",6a16f18d25fcd1060cf28971,69fded1662446148bd848e17,Sni Valley Academy / Dr. Warren L. Moss - Grain Valley School District,Block Real Estates_Grain Valley R-V School District_25-26 GL(ai-ws) AL(ai) AP_5-25-2026_509088148.pdf,,,processed,false,2026-06-02,,2026-12-31,2026-05-25,false,,,false,"Missouri United School Insurance ( MUSIC ) , a self i; Safety National Casualty Corporation",2026-05-27,,2026-06-09
"Block Real Estate Services, LLC",6a05e5a1d9aed916f09c2e7c,69fded1662446148bd848e1a,"Patio Enclosures / Great Day Improvements, LLC",2026PineRidgeLiabilityCOI.pdf,,,processed,false,2026-06-01,,2027-01-01,2026-01-05,false,,,false,Liberty Mutual Insurance Company; Indemnity National Insurance Company,2026-05-14,,2026-06-09
"Block Real Estate Services, LLC",6a18a6bcbc10740f5e8de0b1,69fded1662446148bd848e1d,Great Rivers Associates,ACORD Form 20260527-132935.pdf,,,processed,false,2026-06-02,,2026-07-14,2026-05-27,false,,,false,United Fire & Casualty Company; ProAssurance National Capital Insurance Company; HDI Global Specialty SE,2026-05-28,,2026-06-09
"Block Real Estate Services, LLC",6a26d188e0f922951e67f67d,69fded1662446148bd848e26,"Gexpro Services / Rexel USA, Inc. (fka GS Operating, LLC )","Platte Valley Investment, LLC.pdf",,,processed,false,2026-06-08,,2027-03-01,2026-03-03,false,,,false,"National Union Fire Insurance Company of Pittsburgh, Pa.; New Hampshire Insurance Company; Commerce and Industry Insurance Company; Federal Insurance Company",2026-06-08,,2026-06-09
"Block Real Estate Services, LLC",6a2832a19f092c55a134bcc4,69fded1662446148bd848e26,"Gexpro Services / Rexel USA, Inc. (fka GS Operating, LLC )",cert_CHI_Platte Valley Investment_ LLC_10101347_15.pdf,,,processed,false,,,2027-03-01,2026-06-09,false,,,false,"National Union Fire Insurance Company of Pittsburgh, Pa.; New Hampshire Insurance Company; Commerce and Industry Insurance Company; Federal Insurance Company",2026-06-09,,2026-06-09
"Block Real Estate Services, LLC",6a2832c1da52b0ee99d2ebd5,69fded1662446148bd848e26,"Gexpro Services / Rexel USA, Inc. (fka GS Operating, LLC )","26-27 CUMBEXCS - Lawson US, Canada & NIs - Platte Valley Investment, LLC.pdf",,,processed,false,,,2027-03-01,2026-06-08,false,,,false,"Federal Insurance Company; National Union Fire Insurance Company of Pittsburgh, Pa.; QBE Specialty Insurance Company",2026-06-09,,2026-06-09
"Block Real Estate Services, LLC",6a28454b1b3591a22e40d174,69fded1662446148bd848e26,"Gexpro Services / Rexel USA, Inc. (fka GS Operating, LLC )","26-27 CUMBEXCS - Lawson US, Canada & NIs - Platte Valley Investment, LLC.pdf",,,processed,false,,,2027-03-01,2026-06-08,false,,,false,"Federal Insurance Company; National Union Fire Insurance Company of Pittsburgh, Pa.; QBE Specialty Insurance Company",2026-06-09,,2026-06-09
"Block Real Estate Services, LLC",6a2845ae687e16aff98db318,69fded1662446148bd848e26,"Gexpro Services / Rexel USA, Inc. (fka GS Operating, LLC )",cert_CHI_Platte Valley Investment_ LLC_10101347_15.pdf,,,processed,false,,,2027-03-01,2026-06-09,false,,,false,"National Union Fire Insurance Company of Pittsburgh, Pa.; New Hampshire Insurance Company; Commerce and Industry Insurance Company; Federal Insurance Company",2026-06-09,,2026-06-09
"Block Real Estate Services, LLC",6a05f60e3b391be9f4c26f51,69fded1662446148bd848e32,H & R Block Enterprises LLC,MeghasaiLLCcoBlockRealEstateServices_HRBlockInc_26-27HRCorpUSProper_4-24-2026_20161000043.pdf,,,processed,false,2026-06-01,,2027-05-01,2026-04-24,false,,,false,Continental Casualty Company; Liberty Mutual Fire Insurance Company; Liberty Insurance Corporation,2026-05-14,,2026-06-09
"Block Real Estate Services, LLC",6a18a7bc53ab917b1e71ccc9,69fded1662446148bd848e38,"H&R Block Eastern Tax Svc., Inc. / H&R Block 24167","H&R BLOCK EASTERN TAX SVC., INC. H&R BLOCK 24167 - 1811 E. North Avenue, Belton.pdf",,,processed,false,2026-06-02,,2027-05-01,2026-04-24,false,,,false,Continental Casualty Company; Liberty Mutual Fire Insurance Company; Liberty Insurance Corporation,2026-05-28,,2026-06-09
"Block Real Estate Services, LLC",6a0725ac7ee88c9e3619262a,69fded1662446148bd848e3b,"Discount Tire / Halle Properties, Inc.",discounttire.pdf,,,processed,false,2026-06-02,,2027-03-01,2026-02-18,false,,,false,Old Republic Insurance Company; Allied World Assurance Company (U.S.) Inc.; Travelers Property Casualty Company of America,2026-05-15,,2026-06-09
"Block Real Estate Services, LLC",6a22f1a3b0c1404bfda21794,69fded1662446148bd848e3e,"Harbor Freight Tools USA, Inc",0574 Belton MO - Liability.pdf,,,processed,false,2026-06-08,,2026-09-01,2025-09-03,false,,,false,ACE American Insurance Company; ACE Property and Casualty Insurance Company,2026-06-05,,2026-06-09
"Block Real Estate Services, LLC",6a05ea88374041e2bb9670e4,69fded1762446148bd848e53,Henderson Engineers Inc,865363031.pdf,,,processed,false,2026-06-01,,2028-08-01,2025-07-31,false,,,false,"National Union Fire Insurance Company of Pittsburgh, Pa.; The Continental Insurance Company; New Hampshire Insurance Company",2026-05-14,,2026-06-09
"Block Real Estate Services, LLC",6a26f8c3caa475a046205388,69fded1762446148bd848e5c,"Heritage First, Inc.",Summary of Insurance 2026-2027.pdf,,,processed,false,,,,,false,,,false,,2026-06-08,,2026-06-09
"Block Real Estate Services, LLC",6a18a9e0da80b43704273633,69fded1762446148bd848e5f,"Hibbett Sports / Hibbett Retail, Inc.",NOT FOUND - Hibbett Inc..pdf,,,processed,false,2026-06-02,,2026-09-01,2026-05-07,false,,,false,Arch Insurance Company; Arch Indemnity Insurance Company; Affiliated FM Insurance Company,2026-05-28,,2026-06-09
"Block Real Estate Services, LLC",6a230d05702517502200a82a,69fded1762446148bd848e59,Hensley Electric Inc,"2026 Hensley Electric, Inc.pdf",,,processed,false,2026-06-08,,2026-10-09,2026-06-05,false,,,false,SECURA Insurance Company; Vela Insurance,2026-06-05,,2026-06-09
"Block Real Estate Services, LLC",6a230d19b0c1404bfda21858,69fded1762446148bd848e59,Hensley Electric Inc,"2026 Hensley Electric, Inc.pdf",,,processed,false,2026-06-08,,2026-10-09,2026-06-05,false,,,false,SECURA Insurance Company; Vela Insurance,2026-06-05,,2026-06-09
"Block Real Estate Services, LLC",6a26ec5acaa475a046205336,69fded1762446148bd848e59,Hensley Electric Inc,Certificate (8).pdf,,,processed,false,,,2026-10-09,2026-06-08,false,,,false,SECURA Insurance Company; Vela Insurance,2026-06-08,,2026-06-09
"Block Real Estate Services, LLC",6a0721339839a89d50e81a51,69fded1762446148bd848e68,Hoefer Welker LLC,46PCINVESTORSLLC.pdf,,,processed,false,2026-06-02,,2027-02-12,2026-02-11,false,,,false,The Phoenix Insurance Company; Travelers Property Casualty Company of America,2026-05-15,,2026-06-09
"Block Real Estate Services, LLC",6a05f629ca42782ea34e9d06,69fded1762446148bd848e74,Husqvarna Construction Products North America Inc,4-29-2026COI.pdf,,,processed,false,2026-06-03,,2027-05-01,2026-04-28,false,,,false,Millhouse Insurance Company; Liberty Mutual Fire Insurance Company; LM Insurance Corporation,2026-05-14,,2026-06-09
"Block Real Estate Services, LLC",6a28344f1b3591a22e40d141,69fded1862446148bd848ea4,"Proforma Idology Marketing Group / JES Business Solutions, LLC",JES Block 2025-2026.PDF,,,processed,false,,,2026-11-01,2026-06-09,false,,,false,USLI - United States Liability Insurance,2026-06-09,,2026-06-09
"Block Real Estate Services, LLC",6a05e812fe7b4a8a0361eb0a,69fded1762446148bd848e86,Infinity Fasteners Inc,rtreter.pdf,,,processed,false,2026-06-01,,2027-02-01,,false,,,false,,2026-05-14,,2026-06-09
"Block Real Estate Services, LLC",6a2329c6633ee99747982ae9,69fded1862446148bd848eaa,Jimmy John's,"Oak Park KS, LLC_(34485)_Acord25.pdf",,,processed,false,2026-06-08,,2027-05-27,2026-06-05,false,,,false,Intrepid Insurance Company; Intrepid Specialty Insurance Company,2026-06-05,,2026-06-09
"Block Real Estate Services, LLC",6a22feb5b0c1404bfda217e1,69fded1862446148bd848ead,"Pinches / JLJ Holdings, LLC",Insurance COI JLJ.pdf,,,processed,false,2026-06-08,,2026-10-01,2026-06-05,false,,,false,Hartford Insurance Company of the Southeast,2026-06-05,,2026-06-09
"Block Real Estate Services, LLC",6a22ff2cb0c1404bfda217ff,69fded1862446148bd848ead,"Pinches / JLJ Holdings, LLC",PT Liability.pdf,,,processed,false,2026-06-08,,2026-11-26,2025-11-26,false,,,false,Starr Indemnity & Liability Company,2026-06-05,,2026-06-09
"Block Real Estate Services, LLC",6a26c5b57f54c7a808caeac2,69fded1862446148bd848e98,"JACO / JACO General Contractor, Inc.","BLOCK REAL ESTATE SERVICES, LLC 23603386.pdf",,,processed,false,2026-06-08,,2026-11-01,2026-06-05,false,,,false,Hartford Casualty Insurance Company; Trumbull Insurance Company; National Fire Insurance Company of Hartford; Hartford Accident and Indemnity Company,2026-06-08,,2026-06-09
"Block Real Estate Services, LLC",6a2333a6a234618b199e4caa,69fded1862446148bd848ebf,Kababs,Kababs COI WC.pdf,,,processed,false,2026-06-08,,2027-04-10,2026-06-05,false,,,false,Property and Casualty Insurance Company of Hartford,2026-06-05,,2026-06-09
"Block Real Estate Services, LLC",6a060e781f712c628e52892d,69fded1862446148bd848edd,Kansas Granite Mart Inc,21.0.0.pdf,,,processed,false,2026-06-03,,2027-01-31,2026-03-09,false,,,false,Federated Mutual Insurance Company,2026-05-14,,2026-06-09
"Block Real Estate Services, LLC",6a060e7dfeb0a066657289f3,69fded1862446148bd848edd,Kansas Granite Mart Inc,COI19.pdf,,,processed,false,2026-06-03,,2027-01-31,2026-01-21,false,,,false,Federated Mutual Insurance Company,2026-05-14,,2026-06-09
"Block Real Estate Services, LLC",6a22fb07dbd3c0780a22ef57,69fded1862446148bd848ee0,Kate Smith Soiree LLC,Block Real Estate Services June 2026.pdf,,,processed,false,2026-06-08,,2026-08-15,2026-06-05,false,,,false,State Farm Fire and Casualty Company; State Farm Mutual Automobile Insurance Company,2026-06-05,,2026-06-09
"Block Real Estate Services, LLC",6a05e55dfeb0a066655b8ed2,69fded1962446148bd848ee6,"Kawneer Company, Inc.",Cert26-27.pdf,,,processed,false,2026-06-01,,2027-04-01,2026-04-09,false,,,false,"National Union Fire Insurance Company of Pittsburgh, Pa.; AIU Insurance Company; Zurich American Insurance Company",2026-05-14,,2026-06-09
"Block Real Estate Services, LLC",6a27308e1b3591a22e40d001,69fded1962446148bd848ef5,"Merry Maids 391 & 604 / Khaos, Inc.",Block Real Estate Service LLC_Khaos Inc._26-27 COI_5-28-2026_1021073071.pdf,,,processed,false,2026-06-08,,2027-06-01,2026-05-28,false,,,false,The Cincinnati Insurance Company; Employers Preferred Insurance Company,2026-06-08,,2026-06-09
"Block Real Estate Services, LLC",6a2849133f91c94eefb0cb38,69fded1962446148bd848ef5,"Merry Maids 391 & 604 / Khaos, Inc.",Block Real Estate Service LLC_Khaos Inc._26-27 COI_5-28-2026_1021073071.pdf,,,processed,false,,,2027-06-01,2026-05-28,false,,,false,The Cincinnati Insurance Company; Employers Preferred Insurance Company,2026-06-09,,2026-06-09
"Block Real Estate Services, LLC",6a26bb75f12bef3f074f41b3,69fded1962446148bd848f0d,Landmarc Environmental Systems LLC,Weaver Consultants Group - Block Real Estate Services LLC - 26060536641331 - 570120689694.pdf,,,processed,false,2026-06-08,,2027-05-01,2026-06-08,false,,,false,New Hampshire Insurance Company; Navigators Specialty Insurance Company; AIU Insurance Company,2026-06-08,,2026-06-09
"Block Real Estate Services, LLC",6a22f9869bc28d99e321a26d,69fded1962446148bd848f07,LabCorp / Laboratory Corporation of America Holdings,"COI 2025-2026_PERG Buildings, LLC - Laboratory Corporation of America - Casualty.pdf",,,processed,false,2026-06-08,,2026-11-01,2025-10-20,false,,,false,Westchester Surplus Lines Insurance Company; ACE American Insurance Company; Indemnity Insurance Company of North America; ACE Fire Underwriters Insurance Company,2026-06-05,,2026-06-09
"Block Real Estate Services, LLC",6a232456702517502200a917,69fded1962446148bd848f07,LabCorp / Laboratory Corporation of America Holdings,COI-85096f1d-0bdb-4241-a69d-0f2a57b6e501-Casualty.pdf,,,processed,false,2026-06-08,,2026-11-01,2026-06-05,false,,,false,Westchester Surplus Lines Insurance Company; ACE American Insurance Company; Indemnity Insurance Company of North America; ACE Fire Underwriters Insurance Company,2026-06-05,,2026-06-09
"Block Real Estate Services, LLC",6a26b2fab28b74540bd9d93e,69fded1962446148bd848f16,"LeafFilter North, LLC/Leaf Home Safety Solutions, LLC","17201386 LeafFilter North, LLC.pdf",,,processed,false,2026-06-08,,2027-03-31,2026-06-05,false,,,false,"AIU Insurance Company; National Union Fire Insurance Company of Pittsburgh, Pa.; --- SEE ATTACHMENT",2026-06-08,,2026-06-09
"Block Real Estate Services, LLC",6a28532774e3244208de7c64,69fded1962446148bd848f16,"LeafFilter North, LLC/Leaf Home Safety Solutions, LLC","17201386 LeafFilter North, LLC.pdf",,,processed,false,,,2027-03-31,2026-06-09,false,,,false,"AIU Insurance Company; National Union Fire Insurance Company of Pittsburgh, Pa.; --- SEE ATTACHMENT",2026-06-09,,2026-06-09
"Block Real Estate Services, LLC",6a071d3db7c7740fe9c3532a,69fded1962446148bd848f1f,Leslie's Poolmart Inc,HillcrestPlaza-88406810.pdf,,,processed,false,2026-06-02,,2026-11-01,2025-12-19,false,,,false,"Continental Casualty Company; The Continental Insurance Company; American Casualty Company of Reading, Pennsylvania; Transportation Insurance Company; See Attached",2026-05-15,,2026-06-09
"Block Real Estate Services, LLC",6a071bb90490135a47480eec,69fded1962446148bd848f2e,Link Media Omaha LLC,LinkMediaServicesCOIKCIPRiversideLLC1.pdf,,,processed,false,2026-06-03,,2026-11-15,2025-11-13,false,,,false,Travelers Property Casualty Company of America; Travelers Insurance Co.; Berkshire Hathaway Specialty Insurance Company; AXIS Insurance Company,2026-05-15,,2026-06-09
"Block Real Estate Services, LLC",6a2319a0a234618b199e4ba2,69fded1a62446148bd848f3a,"Lynk, Inc.",26-27 PERGBuildings LLC.pdf,,,processed,false,2026-06-05,,2027-05-17,,false,,,false,,2026-06-05,,2026-06-09
"Block Real Estate Services, LLC",6a0631258b5928c024bd4c5c,69fded1a62446148bd848f3d,Mactan Asian Market / Steve Shatto,CertificateofINS.pdf,,,processed,false,2026-06-02,,2027-02-17,2026-03-11,false,,,false,Owners Insurance Company,2026-05-14,,2026-06-09
"Block Real Estate Services, LLC",6a23459c633ee99747982b25,69fded1a62446148bd848f40,Magic Kitchen Inc,Magic Kitchen-PERG-COI_2026-06-05.pdf,,,processed,false,2026-06-08,,2027-06-18,,false,,,false,,2026-06-05,,2026-06-09
"Block Real Estate Services, LLC",6a2343af633ee99747982b07,69fded1a62446148bd848f58,Marcon Marketing Concepts Inc,Marcon - Cert - Block Real Estate 06-05-26.pdf,,,processed,false,2026-06-08,,2027-05-01,2026-06-05,false,,,false,West Bend Insurance Company; Accident Fund National Insurance Company,2026-06-05,,2026-06-09
"Block Real Estate Services, LLC",6a26f2a5b28b74540bd9d9aa,69fded1a62446148bd848f58,Marcon Marketing Concepts Inc,Block Real Estate Services LLC_MarCon Marketing Concepts Inc._26-27 MASTER_6-8-2026_2088469243 (1).pdf,,,processed,false,,,2027-05-01,2026-06-08,false,,,false,West Bend Insurance Company; Accident Fund National Insurance Company,2026-06-08,,2026-06-09
"Block Real Estate Services, LLC",6a276d738f5f15a883627a2c,69fded1a62446148bd848f67,Massage Envy,ACORD Form 20260608-215446.pdf,,,processed,false,,,2026-09-19,2026-06-08,false,,,true,Fidelity and Guaranty Insurance Company; AmTrust Insurance Company; Coverys Specialty Insurance Company,2026-06-09,,2026-06-09
"Block Real Estate Services, LLC",6a2628211bacbbea7f8f1ad3,69fded1a62446148bd848f82,McQuaid Brothers Remodeling,COI - High Tech 2025-2026.pdf,,,processed,false,2026-06-08,,2026-10-01,2025-09-30,false,,,false,The Cincinnati Insurance Company,2026-06-08,,2026-06-09
"Block Real Estate Services, LLC",6a272864da52b0ee99d2e8b5,69fded1a62446148bd848f79,MC Flooring LLC,25-26 MC Flooring LLC - COI - LLCS Building 8 Investors LLC.pdf,,,processed,false,2026-06-08,,2026-09-15,2026-06-08,false,,,false,Federated Mutual Insurance Company; Federated Reserve Insurance Company,2026-06-08,,2026-06-09
"Block Real Estate Services, LLC",6a22efbcdbd3c0780a22d800,69fded1b62446148bd848f94,"Mr. Handy Man / Melcar Enterprises (fka Stagg Enterprises, LLC)","CERT_Melcar_Enterprises,_Inc._For_Display_Purposes_Only_957163.pdf",,,processed,false,2026-06-08,,2027-03-01,2026-02-25,false,,,false,Property and Casualty Insurance Company of Hartford; Nutmeg Insurance Company; Hartford Casualty Insurance Company,2026-06-05,,2026-06-09
"Block Real Estate Services, LLC",6a22fff0a234618b199e4b66,69fded1b62446148bd848f91,Medical Technology Associates Inc,"CMP Building III, LLC - 381207.pdf",,,processed,false,2026-06-08,,2027-04-20,2026-06-05,false,,,false,The Charter Oak Fire Insurance Company; Travelers Property Casualty Company of America; Travelers Excess and Surplus Lines Company; Travelers Casualty and Surety Company,2026-06-05,,2026-06-09
"Block Real Estate Services, LLC",6a22ede277cba6f5396b6b5e,69fded1b62446148bd848f9a,"510 Counseling Group / Melissa Winston, LLC",BOP_ACORD_BlockRealEstateServices_LLC_06_05_2026_P100026516-3721331121356.PDF,,,processed,false,2026-06-08,,2027-01-01,2026-06-05,false,,,false,Hiscox Insurance Company Inc.,2026-06-05,,2026-06-09
"Block Real Estate Services, LLC",6a2766b41b3591a22e40d06d,69fded1b62446148bd848f9a,"510 Counseling Group / Melissa Winston, LLC",THE 510 GROUP COI.pdf,,,processed,false,,,2027-06-09,2026-06-08,false,,,false,Berkshire Hathaway Direct Insurance Company,2026-06-09,,2026-06-09
"Block Real Estate Services, LLC",6a2853581b3591a22e40d1a6,69fded1b62446148bd848fa9,Midland Exteriors LLC,1.01.26_1.1.27.pdf,,,processed,false,,,,,false,,,false,,2026-06-09,,2026-06-09
"Block Real Estate Services, LLC",6a0727a09839a89d50e91f1c,69fded1b62446148bd848faf,"Midwest Administrative Services, LLC (fka Fail-Safe Product Protection, Inc.) (Vacating 6/30/26)",BlockCOI2025.pdf,,,processed,false,2026-06-02,,2026-08-16,,false,,,false,,2026-05-15,,2026-06-09
"Block Real Estate Services, LLC",6a2857893f91c94eefb0cb5a,69fded1b62446148bd848fbe,"Mills Record Company / Mills Records, LLC",Mills Record Company Policy.pdf,,,processed,false,,,,,false,,,false,,2026-06-09,,2026-06-09
"Block Real Estate Services, LLC",6a05e550b65dbfe9915fe6d8,69fded1b62446148bd848fc7,Miner Ltd,"KCIPRiversideLLCRiversideDistributionCe_Miner,LtddbaMHCSystems_26-27Miner,LtddbaMHC_3-13-2026_978258086.pdf",,,processed,false,2026-06-01,,2027-03-14,2026-03-13,false,,,false,Travelers Property Casualty Company of America; Allied World Assurance Company (U.S.) Inc.; Lexington Insurance Company; The Standard Fire Insurance Company,2026-05-14,,2026-06-09
"Block Real Estate Services, LLC",6a26f0fc1b3591a22e40cf40,69fded1b62446148bd848fcd,Mitchell Capital Management Company,Pinnacle Certificate of Liability 2026.pdf,,,processed,false,,,,,false,,,false,,2026-06-08,,2026-06-09
"Block Real Estate Services, LLC",6a18ab77e701796d85ebc1c2,69fded1b62446148bd848fca,"Wingstop / Missouri Wings XIV, LLC",NOT FOUND - Missouri Wings XIV LLC.pdf,,,processed,false,2026-06-01,,2027-01-01,2026-03-04,false,,,false,"Wesco Insurance Company; Technology Insurance Company, Inc.; Security National Insurance Company; Zurich American Insurance Company; Aspen Specialty Insurance Company",2026-05-28,,2026-06-09
"Block Real Estate Services, LLC",6a05f6caf58fd13c8835e194,69fded1b62446148bd848fd3,"Dal Tile / Mohawk Carpet Distribution, Inc.","BKPROPERTIES,LLC_MohawkIndustries,Inc..pdf",,,processed,false,2026-06-01,,2026-10-01,2025-11-21,false,,,false,Zurich American Insurance Company; American Zurich Insurance Company; American Guarantee and Liability Insurance Company,2026-05-14,,2026-06-09
"Block Real Estate Services, LLC",6a0618cbb65dbfe9916bd215,69fded1c62446148bd848fe2,"National Vision, Inc",NationalVisionHoldingsIncCOIMillStreetStationLLC1.pdf,,,processed,false,2026-06-03,,2027-01-01,2026-01-09,false,,,false,Travelers Property Casualty Company of America; The Charter Oak Fire Insurance Company; Great American Security Insurance Company; The Travelers Indemnity Company of Connecticut; The Travelers Indemnity Company of America,2026-05-14,,2026-06-09
"Block Real Estate Services, LLC",6a273f82da52b0ee99d2e8d3,69fded1c62446148bd848ff4,Netsmart Technologies Inc,"Netsmart COI-Perg Buildings, LLC.pdf",,,processed,false,,,2026-11-11,2025-11-12,false,,,false,Chubb Indemnity Insurance Company; Great Northern Insurance Company; Federal Insurance Company,2026-06-08,,2026-06-09
"Block Real Estate Services, LLC",6a071c8c7ee88c9e3617e6de,69fded1c62446148bd848ff7,New Century Dodge Chrysler Wholesale Parts,NewCenturyDodgeJeepChryslerCOITerraceLackman1.pdf,,,processed,false,2026-06-02,,2027-02-01,2026-01-01,false,,,false,Auto-Owners Insurance Company,2026-05-15,,2026-06-09
"Block Real Estate Services, LLC",6a18abeab517ae25a88c803e,69fded1c62446148bd849027,OMB Bank,NOT FOUND - Old Missouri Bank.pdf,,,processed,false,2026-06-01,,2027-01-01,2026-01-06,false,,,false,Travelers Insurance,2026-05-28,,2026-06-09
"Block Real Estate Services, LLC",6a05f6d9374041e2bb9959be,69fded1d62446148bd849039,Orscheln Farm & Home LLC,TractorSupplyCompanyCOINorthridgeClarindaLLC1.pdf,,,processed,false,2026-06-03,,2027-04-01,2026-03-25,false,,,false,"Greenwich Insurance Company; XL Insurance America, Inc.",2026-05-14,,2026-06-09
"Block Real Estate Services, LLC",6a060f5eca42782ea35baa88,69fded1d62446148bd849042,"Oz Accommodations, Inc.",26-27COItoHighTech.pdf,,,processed,false,2026-06-03,,2027-04-22,2026-04-22,false,,,false,The Cincinnati Insurance Company; The Cincinnati Indemnity Company,2026-05-14,,2026-06-09
"Block Real Estate Services, LLC",6a231bf782efdeb55fa0021f,69fded1d62446148bd849051,"Hydro Ponics / River Market Hydro / Palm Green, LLC",ACORD Form 20260605-134902.pdf,,,processed,false,2026-06-05,,2026-10-19,2026-06-05,false,,,false,Owners Insurance Company,2026-06-05,,2026-06-09
"Block Real Estate Services, LLC",6a26fa0f723912a8145693e6,69fded1d62446148bd849051,"Hydro Ponics / River Market Hydro / Palm Green, LLC",ACORD Form 20260605-134902.pdf,,,processed,false,,,2026-10-19,2026-06-05,false,,,false,Owners Insurance Company,2026-06-08,,2026-06-09
"Block Real Estate Services, LLC",6a07215f57406a9433dc4c2b,69fded1d62446148bd84905d,Nitto Denko Automotive / Parkers America,NittoIncCOIKCIPRiversideLLC1.pdf,,,processed,false,2026-06-02,,2026-07-01,2026-03-18,false,,,false,Sompo America Insurance Company; Sompo America Fire & Marine Insurance Company,2026-05-15,,2026-06-09
"Block Real Estate Services, LLC",6a0620b03b391be9f4cb8bfb,69fded1d62446148bd849060,Parris Communications,ParrisCertificateofLiability-46Penn.pdf,,,processed,false,2026-06-03,,2026-07-01,2025-12-04,false,,,false,Hartford Casualty Insurance Company; Hartford Fire Insurance Company,2026-05-14,,2026-06-09
"Block Real Estate Services, LLC",6a22eb7e77cba6f5396b6b40,69fded1d62446148bd84906c,Pennsylvania Tool Sales and Service Inc,Penn Tools - Block Real Estate COI.pdf,,,processed,false,2026-06-08,,2026-11-22,2026-06-05,false,,,false,Monroe Guaranty Insurance Company; National Trust Insurance Company,2026-06-05,,2026-06-09
"Block Real Estate Services, LLC",6a26fa4f723912a814569403,69fded1d62446148bd84906c,Pennsylvania Tool Sales and Service Inc,Block Real Estate - Revised COI.pdf,,,processed,false,,,2026-11-22,2026-06-05,false,,,false,Monroe Guaranty Insurance Company; National Trust Insurance Company,2026-06-08,,2026-06-09
"Block Real Estate Services, LLC",6a18ac02462ef1e78eb4fadf,69fded1d62446148bd849072,People First Network of Kansas LLC,NOT FOUND - Peoples First Netweork of KS LLC.pdf,,,processed,false,2026-06-01,,2026-02-20,2026-02-23,false,,,false,West Bend Insurance Company; FirstComp Insurance Company,2026-05-28,,2026-06-09
"Block Real Estate Services, LLC",6a05e8421f712c628e42e3a0,69fded1d62446148bd849081,"ICON / PRA Health Sciences / Pharmaceutical Research Associates, Inc.",CollegeCrossingJ154723.pdf,,,processed,false,2026-06-01,,2026-06-01,2025-05-30,false,,,false,Federal Insurance Company; Great Northern Insurance Company; ACE American Insurance Company,2026-05-14,,2026-06-09
"Block Real Estate Services, LLC",6a22ef25b0c1404bfda21776,69fded1e62446148bd84908d,"Servpro / Piat, Inc.","co Block Real Estate Services, LLC._25-26 Standard- PIAT.pdf",,,processed,false,2026-06-08,,2026-07-01,2026-06-05,false,,,false,Capitol Specialty Insurance Corporation; Continental Casualty Company; The Cincinnati Casualty Company; Waypoint Mutual,2026-06-05,,2026-06-09
"Block Real Estate Services, LLC",6a22e684a0107eee244df183,69fded1e62446148bd8490ab,Prairie Engineers PC,"Block Real Estate Services, LLC_Lenexa KS Office_7-10-2025_440323730.pdf",,,processed,false,2026-06-08,,2026-07-15,2025-07-10,false,,,false,XL Specialty Insurance Company; American Guarantee and Liability Insurance Company,2026-06-05,,2026-06-09
"Block Real Estate Services, LLC",6a0618fb1f712c628e549dfc,69fded1e62446148bd8490a5,Power Motion Inc,PowerMotion-PineRidgeBuildingCCOI.pdf,,,processed,false,2026-06-02,,2026-12-12,2025-12-10,false,,,false,"Acuity, A Mutual Insurance Company",2026-05-14,,2026-06-09
"Block Real Estate Services, LLC",6a0618fdca42782ea35d9a76,69fded1e62446148bd8490a5,Power Motion Inc,"ForcertificateholderBlockRealEstateServices,LLC.pdf",,,processed,false,2026-06-02,,2027-01-09,2026-03-10,false,,,false,"Sentinel Insurance Company, Ltd.; Rate by Multiple Companies",2026-05-14,,2026-06-09
"Block Real Estate Services, LLC",6a0720dc57406a9433dc3d8c,69fded1e62446148bd8490b1,"Prime Source Building Products, Inc.",ParkRiverHoldings2.pdf,,,processed,false,2026-06-03,,2026-06-30,2025-06-27,false,,,false,Everest National Insurance Company; Everest Denali Insurance Company; Endurance Assurance Corporation; Ascot Insurance Company; Everest Premier Insurance Company; QBE Specialty Insurance Company,2026-05-15,,2026-06-09
"Block Real Estate Services, LLC",6a2313f7a234618b199e4b84,69fded1e62446148bd8490c9,Provider Plus Inc,5590 - COI 5.17.2027.pdf,,,processed,false,2026-06-08,,2026-11-08,2026-05-08,false,,,false,Illinois Union Insurance Company; Hartford Fire Insurance Company; Hartford Underwriters Insurance Company; SEE ATTACHMENT; Twin City Fire Insurance Company; XL Specialty Insurance Company,2026-06-05,,2026-06-09
"Block Real Estate Services, LLC",6a2853b474e3244208de7c82,69fded1e62446148bd8490c9,Provider Plus Inc,"SM Quivira, LLC and 9201 Associates, LLC  - Liab.pdf",,,processed,false,,,2026-11-08,2026-06-08,false,,,false,Illinois Union Insurance Company; Hartford Fire Insurance Company; Hartford Underwriters Insurance Company; SEE ATTACHMENT; Twin City Fire Insurance Company; XL Specialty Insurance Company,2026-06-09,,2026-06-09
"Block Real Estate Services, LLC",6a07252eb333109abbece2a7,69fded1e62446148bd8490d2,"Q4 Industries, LLC",Q4IndustriesLLC-CertificateofLiabilityInsurance-PERGBuildingsLLCBlockRealEstatesServicesLLC1.pdf,,,processed,false,2026-06-02,,2026-11-06,2026-01-22,false,,,false,Auto-Owners Insurance Company; Owners Insurance Company,2026-05-15,,2026-06-09
"Block Real Estate Services, LLC",6a071d25b333109abbebacc8,69fded1f62446148bd8490e1,"RBC Capital Markets, LLC / Royal Bank of Canada",cert_LOS_PinnacleVAssociates_LLCand_2557764_531.pdf,,,processed,false,2026-06-02,,2026-12-01,2025-12-01,false,,,false,"National Union Fire Insurance Company of Pittsburgh, Pa.; N / A",2026-05-15,,2026-06-09
"Block Real Estate Services, LLC",6a202ab44360dc74c4523b7e,69fded1f62446148bd8490e1,"RBC Capital Markets, LLC / Royal Bank of Canada","Pinnacle V Associates, LLC and Chymiak Pinnac_RBC CAPITAL MARKETS, LLC dba RBC WE_26-27 AL WC dba RBC Wealt_6-2-2026_646753096.pdf",,,processed,false,2026-06-03,,2027-06-01,2026-06-02,false,,,false,ACE American Insurance Company; Federal Insurance Company,2026-06-03,,2026-06-09
"Block Real Estate Services, LLC",6a07202f57406a9433dc21a9,69fded1f62446148bd8490f6,"Ambius / Rentokil North America, Inc. (fka JC Ehrlich Company)",KCIPRiversideLLCRiversideDistributionC_RentokilNorthAmericaIncdbaPr_2025-2026Standard5.pdf,,,processed,false,2026-06-02,,2026-10-01,2025-09-22,false,,,false,ACE American Insurance Company; ACE Property and Casualty Insurance Company; AXIS Insurance Company; Old Republic Insurance Company,2026-05-15,,2026-06-09
"Block Real Estate Services, LLC",6a0726e79839a89d50e8ff1f,69fded1f62446148bd849105,Rockwell Automation,cert_CLE_PineRidgeBuilding25_PERG_5627981_341.pdf,,,processed,false,2026-06-02,,2026-10-01,2025-09-25,false,,,false,"National Union Fire Insurance Company of Pittsburgh, Pa.; Allianz Global Risks US Insurance Company; Granite State Insurance Company",2026-05-15,,2026-06-09
"Block Real Estate Services, LLC",6a05e74d8b5928c024ad1de5,69fded1f62446148bd849111,"Taco Bell / Royal City Bell, LLC",SSB-5871-Certificate.PDF,,,processed,false,2026-06-02,,2026-08-01,2025-08-01,false,,,false,Pennsylvania Manufacturers' Association Insurance Company; Vantage Risk Specialty Insurance Company; Manufacturers Alliance Insurance Company,2026-05-14,,2026-06-09
"Block Real Estate Services, LLC",6a071c6dc367c496881bb89f,69fded1f62446148bd849120,Ryan Poage & Company,PLAZACORPORATECENTRE.pdf,,,processed,false,2026-06-02,,2026-07-26,2026-01-15,false,,,false,Hartford Casualty Insurance Company; HARTFORD INSURANCE GROUP,2026-05-15,,2026-06-09
"Block Real Estate Services, LLC",6a2873fa74cf7f82e803c99e,69fded2062446148bd84912f,Slavation Army Family Store / The Salvation Army,"COI Request Form Belton, MO 2026.pdf",,,processed,false,,,,,false,,,false,,2026-06-09,,2026-06-09
"Block Real Estate Services, LLC",6a05f5ffb65dbfe9916415c3,69fded2062446148bd849132,"Sanders Management, Inc",4-29-2026COI.pdf,,,processed,false,2026-06-01,,2027-04-29,2026-04-20,false,,,false,EMCASCO Insurance Company; Employers Mutual Casualty Company,2026-05-14,,2026-06-09
"Block Real Estate Services, LLC",6a1898f982c2949d9a6d409f,69fded2062446148bd849141,Seen Merchandising LLC,Certificate.pdf,,,processed,false,2026-06-02,,2026-08-22,2026-05-26,false,,,false,The Charter Oak Fire Insurance Company; Travelers Property Casualty Company of America; Accident Fund National Insurance Company,2026-05-28,,2026-06-09
"Block Real Estate Services, LLC",6a284c35da52b0ee99d300db,69fded2062446148bd849141,Seen Merchandising LLC,Block 2026 COI.pdf,,,processed,false,,,2026-08-22,2026-05-26,false,,,false,The Charter Oak Fire Insurance Company; Travelers Property Casualty Company of America; Accident Fund National Insurance Company,2026-06-09,,2026-06-09
"Block Real Estate Services, LLC",6a05f72d3b391be9f4c2b307,69fded2062446148bd849147,Select Physical Therapy / Healthsouth Corp,SelectMedicalCorporationCOIMidwestKetterInvestmentsLLC3.pdf,,,processed,false,2026-06-01,,2026-12-31,2026-03-26,false,,,false,"Liberty Mutual Fire Insurance Company; Allied World Assurance Company , AG; National Fire & Marine Insurance Company; American Guarantee and Liability Insurance Company; LM Insurance Corporation; Ironshore Specialty Insurance Company",2026-05-14,,2026-06-09
"Block Real Estate Services, LLC",6a18b0a5515bd6b00b4d77cd,69fded2062446148bd84914a,"Senior Day KC / The Respite House, LLC",NOT FOUND - The Respite House LLC.pdf,,,processed,false,2026-06-01,,2026-08-14,2025-08-14,false,,,false,"Beazley Insurance Company, Inc.",2026-05-28,,2026-06-09
"Block Real Estate Services, LLC",6a071b8d0490135a474805f6,69fded2062446148bd84914d,"SERC Physical Therapy / SERC Rehabilitation Partners, LLC",upstream.pdf,,,processed,false,2026-06-03,,2026-07-01,2025-06-18,false,,,false,TDC Specialty Insurance Company; Twin City Fire Insurance Company; Coverys Specialty Insurance Company; Hartford Underwriters Insurance Company; Hartford Fire Insurance Company,2026-05-15,,2026-06-09
"Block Real Estate Services, LLC",6a071b8eb7c7740fe9c3162c,69fded2062446148bd84914d,"SERC Physical Therapy / SERC Rehabilitation Partners, LLC","URPT-DEVONSHIRESHOPS,LLC-COI.pdf",,,processed,false,2026-06-03,,2026-07-01,2025-07-25,false,,,false,TDC Specialty Insurance Company; Twin City Fire Insurance Company; Coverys Specialty Insurance Company; Hartford Underwriters Insurance Company; Hartford Fire Insurance Company,2026-05-15,,2026-06-09
"Block Real Estate Services, LLC",6a0727370490135a4749e781,69fded2062446148bd849168,Siemens Corporation,cert_NYC_PERGBUILDINGS_LLC_11039614_611.pdf,,,processed,false,2026-06-02,,2026-10-01,2025-10-01,false,,,false,Zurich American Insurance Company; Travelers Property Casualty Company of America; American Guarantee and Liability Insurance Company; Travelers Casualty and Surety Company,2026-05-15,,2026-06-09
"Block Real Estate Services, LLC",6a2814dd188eff3d9a5a4c71,69fded2062446148bd849168,Siemens Corporation,cert_NYC_BRIAN 4_ LLC_11948608_8.pdf,,,processed,false,,,2026-10-01,2026-06-09,false,,,false,Zurich American Insurance Company; Travelers Property Casualty Company of America; American Guarantee and Liability Insurance Company; Travelers Casualty and Surety Company,2026-06-09,,2026-06-09
"Block Real Estate Services, LLC",6a05f794374041e2bb997587,69fded2062446148bd849174,Slim 4 Life Weight Loss Centers Inc,MidwestKetterInvestmentsLLC_4LifeWeightLossCentersInc_Master26-27_2-4-2026_38489261.pdf,,,processed,false,2026-06-01,,2026-11-13,2026-02-04,false,,,true,"Travelers Casualty Insurance Company of America; Sentinel Insurance Company, Ltd.",2026-05-14,,2026-06-09
"Block Real Estate Services, LLC",6a286895da52b0ee99d30181,69fded2062446148bd849174,Slim 4 Life Weight Loss Centers Inc,COI Corp office Block & Co 060926.pdf,,,processed,false,,,,,false,,,false,,2026-06-09,,2026-06-09
"Block Real Estate Services, LLC",6a17742d6f7e352b1797b241,69fded2162446148bd8491a7,"Staples, Inc.","Block Income Fund III, LP co Block Real Esta_Staples, Inc._26-27 All Lines $10M - St_5-27-2026_29969952.pdf",,,processed,false,2026-06-02,,2027-06-01,2026-05-27,false,,,false,Travelers Property Casualty Company of America; Indemnity Insurance Company of North America; ACE Fire Underwriters Insurance Company; ACE American Insurance Company,2026-05-27,,2026-06-09
"Block Real Estate Services, LLC",6a23317de17de0c6d0ae2ad1,69fded2162446148bd8491a4,"Midwest Office Technology / STA-MOT-KS, LLC",ACORD Form 20260605-152715.pdf,,,processed,false,2026-06-08,,2026-08-31,,false,,,false,The Travelers Indemnity Company of America; The Travelers Indemnity Company,2026-06-05,,2026-06-09
"Block Real Estate Services, LLC",6a28099f9f092c55a134bc63,69fded2162446148bd8491b0,Starbucks Corporation #9654,2026 Starbucks Universal MOI.pdf,,,processed,false,,,,,false,,,false,,2026-06-09,,2026-06-09
"Block Real Estate Services, LLC",6a18a98b6b3214c65ff65b95,69fded2162446148bd8491bc,Stratus Surfaces LLC,Stratus Surfaces LLC - 17201 College Blvd Lenexa KS 66219.pdf,,,processed,false,2026-06-02,,2027-05-01,2026-04-22,false,,,false,Employers Mutual Casualty Company,2026-05-28,,2026-06-09
"Block Real Estate Services, LLC",6a18a9a653ab917b1e723fb3,69fded2262446148bd8491e0,TeamSmile Inc,Team Smile Inc - 422 NW Business PArk Ln Riverside MO 64150.pdf,,,processed,false,2026-06-01,,2026-06-14,2026-05-18,false,,,false,Ohio Security Insurance Company; The Ohio Casualty Insurance Company; SFM Mutual Insurance Company,2026-05-28,,2026-06-09
"Block Real Estate Services, LLC",6a199f5fb590b85877cccd5b,69fded2262446148bd8491e3,Tech Electronics of Kansas,"College Crossing CD, LLC_Tech Electronics of Kansas,LLC_26-27 Portal Template_5-15-2026_306936167.pdf",,,processed,false,2026-06-01,,2027-05-17,2026-05-15,false,,,false,Amerisure Insurance Company; Amerisure Mutual Insurance Company; Twin City Fire Insurance Company,2026-05-29,,2026-06-09
"Block Real Estate Services, LLC",6a233f55a234618b199e4d1b,69fded2262446148bd8491e9,Temp-Con,23604258 - Block COI.pdf,,,processed,false,2026-06-08,,2027-04-01,2026-06-05,false,,,false,National Fire Insurance Company of Hartford; The Continental Insurance Company; Travelers Property Casualty Company of America,2026-06-05,,2026-06-09
"Block Real Estate Services, LLC",6a05f6111f712c628e49195b,69fded2262446148bd8491e6,Telamon Technologies Corporation,TelamonTechnologiesCorporationCOILamarDistributionCenter11.pdf,,,processed,false,2026-06-03,,2026-10-01,2025-10-01,false,,,false,Atlantic Specialty Insurance Company; OBI National Insurance Company,2026-05-14,,2026-06-09
"Block Real Estate Services, LLC",6a18b00ad2723fbba9b19405,69fded2262446148bd84920d,Argosy Casino & Hotel / The Missouri Gaming Company,NOT FOUND - The Missouri Gaming Company.pdf,,,processed,false,2026-06-01,,2027-04-01,2026-03-31,false,,,false,Zurich American Insurance Company; American Guarantee and Liability Insurance Company; American Zurich Insurance Company,2026-05-28,,2026-06-09
"Block Real Estate Services, LLC",6a20461b4360dc74c4523b9b,69fded2262446148bd84920d,Argosy Casino & Hotel / The Missouri Gaming Company,2027.pdf,,,processed,false,2026-06-03,,2027-04-01,2026-03-31,false,,,false,Zurich American Insurance Company; American Guarantee and Liability Insurance Company; American Zurich Insurance Company,2026-06-03,,2026-06-09
"Block Real Estate Services, LLC",6a05e5988b5928c024aca034,69fded2262446148bd849210,The Peavey Corporation,"BlockRealEstateServices,LLC.pdf",,,processed,false,2026-06-01,,2026-09-27,2025-12-03,false,,,false,The Cincinnati Insurance Company; Kinsale Insurance Company,2026-05-14,,2026-06-09
"Block Real Estate Services, LLC",6a0721a1b333109abbec419b,69fded2262446148bd849222,Titan Built LLC,PERGBUILDINGSLLC15664771.pdf,,,processed,false,2026-06-02,,2027-01-01,2026-01-21,false,,,false,The Phoenix Insurance Company; The Travelers Indemnity Company of America; The Travelers Indemnity Company of Connecticut; Travelers Property Casualty Company of America; Continental Casualty Company,2026-05-15,,2026-06-09
"Block Real Estate Services, LLC",6a18a9bab517ae25a88c2aed,69fded2262446148bd849225,"T-Mobile USA, Inc. (fka Sprint CMC / Sprint United Management Company)",T-Mobile US Inc. - 11440 Tomahawk Creek Pkwy.pdf,,,processed,false,2026-06-01,,2027-05-01,2026-04-08,false,,,false,Continental Casualty Company; The Continental Insurance Company; Transportation Insurance Company,2026-05-28,,2026-06-09
"Block Real Estate Services, LLC",6a26fcb07f54c7a808caeb0d,69fded2362446148bd84923d,"Liquor Houzz / Trivedi and Riaz, Inc.",Trivedi & Riaz COI.pdf,,,processed,false,,,,,false,,,false,,2026-06-08,,2026-06-09
"Block Real Estate Services, LLC",6a05ea238b5928c024ade0c8,69fded2362446148bd849252,UMB Bank N.A.,umb.pdf,,,processed,false,2026-06-03,,2026-07-01,2025-06-27,false,,,false,American Zurich Insurance Company; Zurich American Insurance Company; American Guarantee and Liability Insurance Company,2026-05-14,,2026-06-09
"Block Real Estate Services, LLC",6a062146b65dbfe9916d4fbe,69fded2362446148bd84925e,"Triton Stone Group/Triton Stone of Kansas City / Unique Stone Concepts, LLC",570118801739.pdf,,,processed,false,2026-06-02,,2027-04-01,2026-03-26,false,,,false,Zurich American Insurance Company; American Guarantee and Liability Insurance Company,2026-05-14,,2026-06-09
"Block Real Estate Services, LLC",6a0631ed8b5928c024bd7a84,69fded2362446148bd849261,Unistrut Corporation,UnistrutInternationalCorpCOIBRES1.pdf,,,processed,false,2026-06-02,,2026-12-01,2025-11-18,false,,,false,"National Union Fire Insurance Company of Pittsburgh, Pa.; AIU Insurance Company",2026-05-14,,2026-06-09
"Block Real Estate Services, LLC",6a07264a7ee88c9e36193e92,69fded2362446148bd84926a,United Refrigeration Inc,"CAL-VENTGROUP,LTD,COI.pdf",,,processed,false,2026-06-02,,2026-08-01,2025-12-18,false,,,false,Arch Insurance Company,2026-05-15,,2026-06-09
"Block Real Estate Services, LLC",6a07211d0490135a4748d111,69fded2362446148bd849276,Unum Life Insurance Company of America & Colonial Life Insurance,PinnacleCorporateCentreVPinnacleVAssociatesLLC_W396816683.pdf,,,processed,false,2026-06-02,,2026-06-30,2025-07-02,false,,,false,"Travelers Property Casualty Company of America; National Union Fire Insurance Company of Pittsburgh, Pa.; Travelers Casualty and Surety Company; The Travelers Indemnity Company of Connecticut; Endurance American Specialty Insurance Company",2026-05-15,,2026-06-09
"Block Real Estate Services, LLC",6a1ddd7c2575f4fed447a703,69fded2462446148bd84927f,Var City Maintenance LLC,"Var City Maintenance-PERG BUILDINGS, LLC c_o Block Real Estate Services, LLC-04-02-2026.pdf",,,processed,false,2026-06-01,,2026-08-26,2026-04-02,false,,,false,"General Insurance Company of America; American Casualty Company of Reading, Pennsylvania; The Ohio Casualty Insurance Company",2026-06-01,,2026-06-09
"Block Real Estate Services, LLC",6a2701d81b3591a22e40cf6b,69fded2462446148bd84927f,Var City Maintenance LLC,"Var City Maintenance-PERG BUILDINGS, LLC c_o Block Real Estate Services, LLC-04-02-2026.pdf",,,processed,false,,,2026-08-26,2026-04-02,false,,,false,"General Insurance Company of America; American Casualty Company of Reading, Pennsylvania; The Ohio Casualty Insurance Company",2026-06-08,,2026-06-09
"Block Real Estate Services, LLC",6a2326fba234618b199e4c8c,69fded2462446148bd849282,Verizon / Cellular Sales,"Evidence of Coverage_Steven G. Kremer, as Trustee of the.pdf",,,processed,false,2026-06-08,,2026-09-17,2025-09-15,false,,,false,Hartford Underwriters Insurance Company,2026-06-05,,2026-06-09
"Block Real Estate Services, LLC",6a18b140b517ae25a88d8b64,69fded2462446148bd84929a,"VRC Companies, LLC (fka T2 Holdings, LLC/Redishred Kansas, Inc. dba Proshred Security)",NOT FOUND - VRC Companies.pdf,,,processed,false,2026-06-01,,2026-07-01,2026-04-22,false,,,true,Federal Insurance Company,2026-05-28,,2026-06-09
"Block Real Estate Services, LLC",6a22ecb5e73a40141679f0b6,69fded2462446148bd8492a6,Wayfair LLC,"College IJ, LLC.pdf",,,processed,false,2026-06-08,,2026-12-31,2026-01-07,false,,,false,ACE American Insurance Company; ACE Property and Casualty Insurance Company; Indemnity Insurance Company of North America; ACE Fire Underwriters Insurance Company,2026-06-05,,2026-06-09
"Block Real Estate Services, LLC",6a26c8ceb28b74540bd9d961,69fded2462446148bd8492a9,"Advena Living /Cornerstone Group Holdings, Inc. (sublease of Midlands Independent Review Board, LLC / WCG IRB, Inc.)",COI- LL- MLIRB- KS 25-26.pdf,,,processed,false,2026-06-08,,2026-12-08,2025-12-08,false,,,false,The Hartford,2026-06-08,,2026-06-09
"Block Real Estate Services, LLC",6a060f518b5928c024b6def6,69fded2462446148bd8492af,"Satellite Engineering / WESCO Distribution, Inc.",WESCOInternationalIncCOIBKPropertiesLLC1.pdf,,,processed,false,2026-06-03,,2026-06-04,2025-05-20,false,,,false,Travelers Property Casualty Company of America,2026-05-14,,2026-06-09
"Block Real Estate Services, LLC",6a0631b21f712c628e59d071,69fded2462446148bd8492c1,World Acceptance Corporation / World Finance,HarrisonvilleCrossingPropertiesLLC_WorldAcceptanceCorporation_2627MASTERKYILLA_2-27-2026_5250766844.pdf,,,processed,false,2026-06-03,,2027-03-01,2026-02-27,false,,,false,Zurich American Insurance Company; Travelers Property Casualty Company of America,2026-05-14,,2026-06-09
"Block Real Estate Services, LLC",6a1889ce82c2949d9a6d4082,6a18646fe701796d85db75b6,To the Hoop Bar & Grill,"COI-S-79InvestmentCompany,APartnership.pdf.pdf",,,processed,false,2026-06-02,,2026-06-20,2025-06-24,false,,,false,United States Liability Insurance Company; Wesco Insurance Company,2026-05-28,,2026-06-09
"Block Real Estate Services, LLC",6a18999282c2949d9a6d40e8,6a187768b517ae25a8805ad8,"KC Roofscapes, LLC",perg_buildings__llc__c_o_block_real_estate_services__llc__23167217.pdf,,,processed,false,2026-06-02,,2026-06-04,2026-05-22,false,,,false,EVANSTON . INS . CO .,2026-05-28,,2026-06-09
"Block Real Estate Services, LLC",6a199dcab590b85877cccd3e,6a199d6fabae685b1c514ece,CB Smoothie Supps LLC,CB Smoothie Supps LLC COI.pdf,,,processed,false,2026-06-01,,2027-04-21,,false,,,false,Midvale Indemnity Company,2026-05-29,,2026-06-09
"Block Real Estate Services, LLC",6a19b8e90a4f71a854894948,6a19b8b18805769e5038a2ed,Savor Strategy,Savor Strategy LLC-COI.pdf,,,processed,false,2026-06-01,,2027-03-31,2026-05-22,false,,,false,State Farm Fire and Casualty Company,2026-05-29,,2026-06-09
"Block Real Estate Services, LLC",6a0726f0206702aac8617c95,6a1dccbb23b401dcff773de7,TitleMax Title Loans / Title Max of Missouri,LeesSummitMikeEnterpriseLLC_CCFHoldingsLLC_2526CCFTMXTemplate_10-27-2025_9283204593.pdf,,,processed,false,2026-06-02,,2026-10-15,2025-10-27,false,,,true,Travelers Property Casualty Company of America; Travelers Casualty Insurance Company of America,2026-05-15,,2026-06-09
"Block Real Estate Services, LLC",6a0725d9206702aac8614800,6a1dcea405955276b691e1da,Regal Distributing Co.,"LenexaLogistics5,LLC_RegalDistributingCo.,Inc._26GAUWRegal_2-10-2026_803985184.pdf",,,processed,false,2026-06-02,,2027-01-01,2026-02-10,false,,,false,The Travelers Indemnity Company of America; Travelers Casualty Company of Connecticut; Travelers Property Casualty Company of America; The Standard Fire Insurance Company,2026-05-15,,2026-06-09
"Block Real Estate Services, LLC",6a0619021f712c628e549e8c,6a1dd913a0ed8c51ab1dfbe5,"Hercules Industries, Inc. (fka National Sales Company)",LenexaCOI.pdf,,,processed,false,2026-06-02,,2026-09-01,2026-01-09,false,,,false,"Acuity, A Mutual Insurance Company; Crum and Forster Insurance Company",2026-05-14,,2026-06-09
QTS Data Centers,69f0f8da3a78d6e6edb16e1d,69f0f3c4beb6279e947be0da,"Clayco, Inc.",ATL2DC9- Expires 6-30-26- Clayco GC.pdf,,,processed,false,2026-05-19,,2026-06-30,2025-08-08,false,,,false,"Zurich American Insurance Company; Steadfast Insurance Company; American Guarantee and Liability Insurance Company; XL Insurance America, Inc.",2026-04-28,,2026-06-09
QTS Data Centers,6a231727702517502200a85e,69f0f3c4beb6279e947be0d0,"AP Gulf States, Inc.",QualityTechLPanditsofficersdirectorsemployees_W43894735.pdf,,,processed,false,,,,,false,,,false,,2026-06-05,,2026-06-09
QTS Data Centers,6a231728702517502200a89a,69f0f3c4beb6279e947be0d0,"AP Gulf States, Inc.",QualityTechLPanditsofficersdirectorsemployees_W43894735.pdf,,,processed,false,,,,,false,,,false,,2026-06-05,,2026-06-09
QTS Data Centers,6a231729702517502200a8d2,69f0f3c4beb6279e947be0d0,"AP Gulf States, Inc.",QualityTechnologyServicesLLC_W43894734.pdf,,,processed,false,2026-06-08,,2027-03-01,,false,,,false,"Continental Casualty Company; Berkley Assurance Company; American Casualty Company of Reading, Pennsylvania; The Continental Insurance Company",2026-06-05,,2026-06-09
QTS Data Centers,6a22cf08b90159c7f52c9bf8,69f0f3c5beb6279e947be0fd,M. A. Mortenson Company,MAMortensonCompany - Client Pack - 4464544.PDF,,,processed,false,,,2027-05-01,2026-05-28,false,,,false,"Arch Insurance Company; XL Insurance America, Inc.; Arch Indemnity Insurance Company",2026-06-05,,2026-06-09
QTS Data Centers,6a15b7a99f12b4035e23bc10,69f0f3c5beb6279e947be0f8,"Layton Construction Company, LLC",Bank of America NA ISAOA ATIMA _.pdf,,,processed,false,,,2027-01-01,2026-04-14,false,,,false,"Arch Insurance Company; XL Insurance America, Inc.; Starr Indemnity & Liability Company; Great American Spirit Insurance Company; General Security National Insurance Company; Arch Indemnity Insurance Company",2026-05-26,,2026-06-09
QTS Data Centers,6a15b7cc616ed871febaf33c,69f0f3c5beb6279e947be0f8,"Layton Construction Company, LLC",47600114 - LCC COI - 2027.01.01 (2).pdf,,,processed,false,,,2027-01-01,2026-04-02,false,,,false,"Arch Insurance Company; XL Insurance America, Inc.; Starr Indemnity & Liability Company; Indian Harbor Insurance Company; Arch Indemnity Insurance Company",2026-05-26,,2026-06-09
QTS Data Centers,6a15b7f2dd0160cb0b25e6c2,69f0f3c5beb6279e947be0f8,"Layton Construction Company, LLC",47600116 - LCC COI - 2027.01.01.pdf,,,processed,false,,,2027-01-01,2026-04-02,false,,,false,"Arch Insurance Company; XL Insurance America, Inc.; Starr Indemnity & Liability Company; Indian Harbor Insurance Company; Arch Indemnity Insurance Company",2026-05-26,,2026-06-09
QTS Data Centers,6a15b99a616ed871febaf3ac,69f0f3c5beb6279e947be107,"Structure Tone, LLC",QTS LHTX1 26-27 STSW COI.pdf,,,processed,false,,,2027-01-01,2026-01-05,false,,,false,"Arch Insurance Company; XL Insurance America, Inc.; Starr Indemnity & Liability Company; Arch Indemnity Insurance Company",2026-05-26,,2026-06-09
QTS Data Centers,6a15ba41c09b3811a2868845,69f0f3c5beb6279e947be107,"Structure Tone, LLC","SOCIÉTÉ GÉNÉRALE, AS ADMINISTRATIVE.pdf",,,processed,false,,,2027-01-01,2026-01-22,false,,,false,"Arch Insurance Company; XL Insurance America, Inc.; Great American Insurance Company of New York; Starr Indemnity & Liability Company; Arch Indemnity Insurance Company",2026-05-26,,2026-06-09
QTS Data Centers,6a15ba4abeee935b1af439c4,69f0f3c5beb6279e947be107,"Structure Tone, LLC","SOCIÉTÉ GÉNÉRALE, AS ADMINISTRATIVE.pdf",,,processed,false,,,2027-01-01,2026-01-22,false,,,false,"Arch Insurance Company; XL Insurance America, Inc.; Great American Insurance Company of New York; Starr Indemnity & Liability Company; Arch Indemnity Insurance Company",2026-05-26,,2026-06-09
QTS Data Centers,6a281ed0f967f903d2245be7,69f0f3c5beb6279e947be102,Rogers-O-Brien Construction Company Ltd.,2026 Auto Forms.pdf,,,processed,false,,,,,false,,,false,,2026-06-09,,2026-06-09
QTS Data Centers,6a281ed1f967f903d2245c23,69f0f3c5beb6279e947be102,Rogers-O-Brien Construction Company Ltd.,Casualty Endt Forms 2026.pdf,,,processed,false,,,,,false,,,false,,2026-06-09,,2026-06-09
QTS Data Centers,6a281ed2f967f903d2245c5b,69f0f3c5beb6279e947be102,Rogers-O-Brien Construction Company Ltd.,2026 Auto Forms.pdf,,,processed,false,,,,,false,,,false,,2026-06-09,,2026-06-09
QTS Data Centers,6a281ed3f967f903d2245c93,69f0f3c5beb6279e947be102,Rogers-O-Brien Construction Company Ltd.,Casualty Endt Forms 2026.pdf,,,processed,false,,,,,false,,,false,,2026-06-09,,2026-06-09
QTS Data Centers,6a281ed4f967f903d2245ccb,69f0f3c5beb6279e947be102,Rogers-O-Brien Construction Company Ltd.,2026 Auto Forms.pdf,,,processed,false,,,,,false,,,false,,2026-06-09,,2026-06-09
QTS Data Centers,6a281ed5f967f903d2245d03,69f0f3c5beb6279e947be102,Rogers-O-Brien Construction Company Ltd.,Casualty Endt Forms 2026.pdf,,,processed,false,,,,,false,,,false,,2026-06-09,,2026-06-09
QTS Data Centers,6a281ed6f967f903d2245d3b,69f0f3c5beb6279e947be102,Rogers-O-Brien Construction Company Ltd.,2026 Auto Forms.pdf,,,processed,false,,,,,false,,,false,,2026-06-09,,2026-06-09
QTS Data Centers,6a281ed6f967f903d2245d73,69f0f3c5beb6279e947be102,Rogers-O-Brien Construction Company Ltd.,Casualty Endt Forms 2026.pdf,,,processed,false,,,,,false,,,false,,2026-06-09,,2026-06-09
QTS Data Centers,6a281ed8f967f903d2245dab,69f0f3c5beb6279e947be102,Rogers-O-Brien Construction Company Ltd.,"Quality Technology Services, LLC_Rogers-O'Brien Construction Company_2627 Master $35M Total  _6-9-2026_1492795193.pdf",,,processed,false,,,,,false,,,false,,2026-06-09,,2026-06-09
QTS Data Centers,6a281f52188eff3d9a5a4cad,69f0f3c5beb6279e947be102,Rogers-O-Brien Construction Company Ltd.,"Quality Technology Services, LLC_Rogers-O'Brien Construction Company_2627 Master $35M Total  _6-9-2026_604086442.pdf",,,processed,false,,,,,false,,,false,,2026-06-09,,2026-06-09
QTS Data Centers,6a281f54188eff3d9a5a4ce5,69f0f3c5beb6279e947be102,Rogers-O-Brien Construction Company Ltd.,"Quality Technology Services, LLC_Rogers-O'Brien Construction Company_2627 Master $35M Total  _6-9-2026_604086442.pdf",,,processed,false,,,,,false,,,false,,2026-06-09,,2026-06-09
QTS Data Centers,6a281f54188eff3d9a5a4d1d,69f0f3c5beb6279e947be102,Rogers-O-Brien Construction Company Ltd.,2026 Auto Forms.pdf,,,processed,false,,,,,false,,,false,,2026-06-09,,2026-06-09
QTS Data Centers,6a281f55188eff3d9a5a4d55,69f0f3c5beb6279e947be102,Rogers-O-Brien Construction Company Ltd.,Casualty Endt Forms 2026.pdf,,,processed,false,,,,,false,,,false,,2026-06-09,,2026-06-09
QTS Data Centers,6a281f56188eff3d9a5a4d8d,69f0f3c5beb6279e947be102,Rogers-O-Brien Construction Company Ltd.,"Quality Technology Services, LLC_Rogers-O'Brien Construction Company_2627 Master $35M Total  _6-9-2026_604086442.pdf",,,processed,false,,,,,false,,,false,,2026-06-09,,2026-06-09
QTS Data Centers,6a281f57188eff3d9a5a4dc5,69f0f3c5beb6279e947be102,Rogers-O-Brien Construction Company Ltd.,2026 Auto Forms.pdf,,,processed,false,,,,,false,,,false,,2026-06-09,,2026-06-09
QTS Data Centers,6a281f57188eff3d9a5a4dfd,69f0f3c5beb6279e947be102,Rogers-O-Brien Construction Company Ltd.,Casualty Endt Forms 2026.pdf,,,processed,false,,,,,false,,,false,,2026-06-09,,2026-06-09
QTS Data Centers,6a281f58188eff3d9a5a4e35,69f0f3c5beb6279e947be102,Rogers-O-Brien Construction Company Ltd.,"Quality Technology Services, LLC_Rogers-O'Brien Construction Company_2627 Master $35M Total  _6-9-2026_604086442.pdf",,,processed,false,,,,,false,,,false,,2026-06-09,,2026-06-09
QTS Data Centers,6a281f59188eff3d9a5a4e6d,69f0f3c5beb6279e947be102,Rogers-O-Brien Construction Company Ltd.,"Quality Technology Services, LLC_Rogers-O'Brien Construction Company_2627 Master $35M Total  _6-9-2026_604086442.pdf",,,processed,false,,,,,false,,,false,,2026-06-09,,2026-06-09
QTS Data Centers,6a281f59188eff3d9a5a4ea5,69f0f3c5beb6279e947be102,Rogers-O-Brien Construction Company Ltd.,2026 Auto Forms.pdf,,,processed,false,,,,,false,,,false,,2026-06-09,,2026-06-09
QTS Data Centers,6a281f5b188eff3d9a5a4edd,69f0f3c5beb6279e947be102,Rogers-O-Brien Construction Company Ltd.,Casualty Endt Forms 2026.pdf,,,processed,false,,,,,false,,,false,,2026-06-09,,2026-06-09
QTS Data Centers,6a281f5b188eff3d9a5a4f15,69f0f3c5beb6279e947be102,Rogers-O-Brien Construction Company Ltd.,"Quality Technology Services, LLC_Rogers-O'Brien Construction Company_2627 Master $35M Total  _6-9-2026_604086442.pdf",,,processed,false,,,,,false,,,false,,2026-06-09,,2026-06-09
QTS Data Centers,6a281f5c188eff3d9a5a4f4d,69f0f3c5beb6279e947be102,Rogers-O-Brien Construction Company Ltd.,2026 Auto Forms.pdf,,,processed,false,,,,,false,,,false,,2026-06-09,,2026-06-09
QTS Data Centers,6a281f5c188eff3d9a5a4f85,69f0f3c5beb6279e947be102,Rogers-O-Brien Construction Company Ltd.,Casualty Endt Forms 2026.pdf,,,processed,false,,,,,false,,,false,,2026-06-09,,2026-06-09
QTS Data Centers,6a281f5e188eff3d9a5a4fbd,69f0f3c5beb6279e947be102,Rogers-O-Brien Construction Company Ltd.,"Quality Technology Services, LLC_Rogers-O'Brien Construction Company_2627 Master $35M Total  _6-9-2026_604086442.pdf",,,processed,false,,,,,false,,,false,,2026-06-09,,2026-06-09
QTS Data Centers,6a281f5e188eff3d9a5a4ff5,69f0f3c5beb6279e947be102,Rogers-O-Brien Construction Company Ltd.,"Quality Technology Services, LLC_Rogers-O'Brien Construction Company_2627 Master $35M Total  _6-9-2026_604086442.pdf",,,processed,false,,,,,false,,,false,,2026-06-09,,2026-06-09
QTS Data Centers,6a281f5f188eff3d9a5a502d,69f0f3c5beb6279e947be102,Rogers-O-Brien Construction Company Ltd.,2026 Auto Forms.pdf,,,processed,false,,,,,false,,,false,,2026-06-09,,2026-06-09
QTS Data Centers,6a281f60188eff3d9a5a5065,69f0f3c5beb6279e947be102,Rogers-O-Brien Construction Company Ltd.,Casualty Endt Forms 2026.pdf,,,processed,false,,,,,false,,,false,,2026-06-09,,2026-06-09
QTS Data Centers,6a281f61188eff3d9a5a509d,69f0f3c5beb6279e947be102,Rogers-O-Brien Construction Company Ltd.,"Quality Technology Services, LLC_Rogers-O'Brien Construction Company_2627 Master $35M Total  _6-9-2026_604086442.pdf",,,processed,false,,,,,false,,,false,,2026-06-09,,2026-06-09
QTS Data Centers,6a281f62188eff3d9a5a50d5,69f0f3c5beb6279e947be102,Rogers-O-Brien Construction Company Ltd.,2026 Auto Forms.pdf,,,processed,false,,,,,false,,,false,,2026-06-09,,2026-06-09
QTS Data Centers,6a281f63188eff3d9a5a510d,69f0f3c5beb6279e947be102,Rogers-O-Brien Construction Company Ltd.,Casualty Endt Forms 2026.pdf,,,processed,false,,,,,false,,,false,,2026-06-09,,2026-06-09
QTS Data Centers,6a281fc8da52b0ee99d2e98e,69f0f3c5beb6279e947be102,Rogers-O-Brien Construction Company Ltd.,2026 Auto Forms.pdf,,,processed,false,,,,,false,,,false,,2026-06-09,,2026-06-09
QTS Data Centers,6a281fcada52b0ee99d2e9c6,69f0f3c5beb6279e947be102,Rogers-O-Brien Construction Company Ltd.,Casualty Endt Forms 2026.pdf,,,processed,false,,,,,false,,,false,,2026-06-09,,2026-06-09
QTS Data Centers,6a281fcbda52b0ee99d2ea01,69f0f3c5beb6279e947be102,Rogers-O-Brien Construction Company Ltd.,2026 Auto Forms.pdf,,,processed,false,,,,,false,,,false,,2026-06-09,,2026-06-09
QTS Data Centers,6a281fccda52b0ee99d2ea3c,69f0f3c5beb6279e947be102,Rogers-O-Brien Construction Company Ltd.,Casualty Endt Forms 2026.pdf,,,processed,false,,,,,false,,,false,,2026-06-09,,2026-06-09
QTS Data Centers,6a281fcdda52b0ee99d2ea74,69f0f3c5beb6279e947be102,Rogers-O-Brien Construction Company Ltd.,2026 Auto Forms.pdf,,,processed,false,,,,,false,,,false,,2026-06-09,,2026-06-09
QTS Data Centers,6a281fcdda52b0ee99d2eaac,69f0f3c5beb6279e947be102,Rogers-O-Brien Construction Company Ltd.,Casualty Endt Forms 2026.pdf,,,processed,false,,,,,false,,,false,,2026-06-09,,2026-06-09
QTS Data Centers,6a281fceda52b0ee99d2eae4,69f0f3c5beb6279e947be102,Rogers-O-Brien Construction Company Ltd.,2026 Auto Forms.pdf,,,processed,false,,,,,false,,,false,,2026-06-09,,2026-06-09
QTS Data Centers,6a281fcfda52b0ee99d2eb1c,69f0f3c5beb6279e947be102,Rogers-O-Brien Construction Company Ltd.,Casualty Endt Forms 2026.pdf,,,processed,false,,,,,false,,,false,,2026-06-09,,2026-06-09
QTS Data Centers,6a281fd0da52b0ee99d2eb54,69f0f3c5beb6279e947be102,Rogers-O-Brien Construction Company Ltd.,"Quality Technology Services, LLC_Rogers-O'Brien Construction Company_2627 Master $35M Total  _6-9-2026_565622844.pdf",,,processed,false,,,,,false,,,false,,2026-06-09,,2026-06-09
QTS Data Centers,6a15b820beee935b1af43971,69f0f3c5beb6279e947be10c,"Suffolk Construction Company, Inc.","Sumitomo Mitsui Banking Corporation, as Admin_Suffolk Construction Company, Inc._25-26 Master GL Auto WC U_4-13-2026.pdf",,,processed,false,,,2026-08-31,2026-04-13,false,,,false,"Liberty Mutual Fire Insurance Company; Starr Indemnity & Liability Company; XL Insurance America, Inc.; General Security National Insurance Company; Berkley Regional Insurance Company",2026-05-26,,2026-06-09
QTS Data Centers,6a15ba8cdd0160cb0b25e732,69f0f3c5beb6279e947be111,Whitting-Turner Contracting Company,"Citi Real Estate Funding, Inc. ISAOA ATIMA_The Whiting-Turner Contracting Comp_25Aug TWT GppAU55+WW_5-14-2026_2048936919.pdf",,,processed,false,,,2026-08-01,,false,,,false,Travelers Property Casualty Company of America; The Travelers Indemnity Company of Connecticut; Starr Indemnity & Liability Company; Travelers Casualty and Surety Company,2026-05-26,,2026-06-09
QTS Data Centers,6a207d805192a75845893db3,69f0f3c5beb6279e947be111,Whitting-Turner Contracting Company,"Citi Real Estate Funding, Inc. ISAOA ATIMA_The Whiting-Turner Contracting Comp_25Aug TWT GppAU55+WW_5-14-2026_2048936919.pdf",,,processed,false,,,,,false,,,true,,2026-06-03,,2026-06-09
QTS Data Centers,6a2188c2818b43d62d2ab222,69f0f3c5beb6279e947be111,Whitting-Turner Contracting Company,"Citi Real Estate Funding, Inc. ISAOA ATIMA_The Whiting-Turner Contracting Comp_25Aug TWT GppAU55+WW_5-14-2026_2048936919.pdf.pdf",,,processed,false,,,,,false,,,true,The Travelers Indemnity Company of Connecticut; Travelers Casualty and Surety Company; The Charter Oak Fire Insurance Company; Starr Indemnity & Liability Company; Travelers Property Casualty Company of America,2026-06-04,,2026-06-09
DEMO Client,6a0b5ce114e6242eaffb59ac,6a0785aff523b358236b2d70,Speciality Contractor Inc.,Sample Compliant COI Speciality Contractor Inc.pdf,,,processed,false,2026-05-18,,2027-01-01,2026-01-01,false,,,false,New Horizons Insurance Company of Missouri; Auto Insurance Company; Umbrella Insurance Company; Workers Comp Insurance Co,2026-05-18,,2026-06-09
DEMO Client,6a0b83499cab3ceefbe7b897,6a0785aff523b358236b2d70,Speciality Contractor Inc.,Sample Compliant COI Speciality Contractor Inc.pdf,,,processed,false,2026-05-18,,2027-01-01,2026-01-01,false,,,false,New Horizons Insurance Company of Missouri; Auto Insurance Company; Umbrella Insurance Company; Workers Comp Insurance Co,2026-05-18,,2026-06-09
DEMO Client,6a1f349050bfd60555979b13,6a0785aff523b358236b2d70,Speciality Contractor Inc.,"Compliance certificate for Speciality Contractor Inc. for Insurance Request in Project 103 - Distribution Center, Bedford Park IL [6a0b437334d14b93e39a13fd].pdf",,,processed,false,,,2027-01-01,,false,,,false,,2026-06-02,,2026-06-09
DEMO Client,6a0b70d7580f51e9e2be1f33,6a0785aff523b358236b2d67,Freight Corp.,Sample Expiring COI Freight Corp.pdf,,,processed,false,2026-05-18,,2026-06-01,2025-06-01,false,,,false,New Horizons Insurance Company of Missouri; Auto Insurance Company; Umbrella Insurance Company; Workers Comp Insurance Co; Pollution Insurance Company; Professional Liability Ins Co,2026-05-18,,2026-06-09
DEMO Client,6a0b70e35ffb08323f59701d,6a0785aff523b358236b2d64,"Supplier, LLC",Sample Expired COI Supplier LLC.pdf,,,processed,false,,,2026-01-01,2025-01-01,false,,,false,New Horizons Insurance Company of Missouri; Auto Insurance Company; Umbrella Insurance Company; Workers Comp Insurance Co; Pollution Insurance Company; Professional Liability Ins Co,2026-05-18,,2026-06-09
DEMO Client,6a0b70c9416c14b71844fa48,6a0785aff523b358236b2d6a,Speciality Services Inc.,Sample Compliant COI Speciality Services Inc.pdf,,,processed,false,2026-05-18,,2027-01-01,2026-01-01,false,,,false,New Horizons Insurance Company of Missouri; Auto Insurance Company; Umbrella Insurance Company; Workers Comp Insurance Co; Pollution Insurance Company; Professional Liability Ins Co,2026-05-18,,2026-06-09
DEMO Client,6a0b5cabe8cb98fbd809e094,6a0785aff523b358236b2d6d,"Concrete & Foundation, LLC",Sample Expired COI Concrete_Foundation LLC.pdf,,,processed,false,,,2026-01-01,2025-01-01,false,,,true,New Horizons Insurance Company of Missouri; Auto Insurance Company; Umbrella Insurance Company; Workers Comp Insurance Co,2026-05-18,,2026-06-09
DEMO Client,6a0b6d922da207ecb446d7c6,6a0785aff523b358236b2d76,Retail Inc.,Sample Expired COI Retail Inc.pdf,,,processed,false,,,2026-01-01,2025-01-01,false,,,true,New Horizons Insurance Company of Missouri; Auto Insurance Company; Umbrella Insurance Company; Workers Comp Insurance Co; Property Insurance Company,2026-05-18,,2026-06-09
DEMO Client,6a0b6d195f3cac99d546a4e4,6a0785aff523b358236b2d79,Special Advisory Group,Sample Compliant COI Special Advisory Group.pdf,,,processed,false,2026-05-18,,2027-01-01,2026-01-01,false,,,false,New Horizons Insurance Company of Missouri; Auto Insurance Company; Umbrella Insurance Company; Workers Comp Insurance Co; Property Insurance Company,2026-05-18,,2026-06-09
DEMO Client,6a0b84d29cab3ceefbe80112,6a0785aff523b358236b2d79,Special Advisory Group,Sample Compliant COI Special Advisory Group.pdf,,,processed,false,,,2027-01-01,2026-01-01,false,,,true,New Horizons Insurance Company of Missouri; Auto Insurance Company; Umbrella Insurance Company; Workers Comp Insurance Co; Property Insurance Company,2026-05-18,,2026-06-09
DEMO Client,6a26cd3e3f1805f76c688735,6a0f2e6390f0e4aa51d32037,DEMO Sub,Compliance certificate for DEMO Sub for Insurance Request [6a0f2e6390f0e4aa51d3203a].pdf,,,processed,false,,,2027-06-08,,false,,,true,,2026-06-08,,2026-06-09
DEMO Client,6a0b5c945ffb08323f545729,6a0785aff523b358236b2d73,Electric Corp.,Sample Expiring COI Electric Corp.pdf,,,processed,false,2026-05-18,,2026-06-01,2025-06-01,false,,,false,New Horizons Insurance Company of Missouri; Auto Insurance Company; Umbrella Insurance Company; Workers Comp Insurance Co,2026-05-18,,2026-06-09
DEMO Client,6a0b6d0814e6242eafff18a9,6a0785aff523b358236b2d7c,"Kitchen & Bar, LLC",Sample Expiring COI Kitchen & Bar LLC.pdf,,,processed,false,2026-05-18,,2026-07-01,2025-01-01,false,,,true,New Horizons Insurance Company of Missouri; Auto Insurance Company; Umbrella Insurance Company; Workers Comp Insurance Co; Property Insurance Company,2026-05-18,,2026-06-09